Database,Collection,Post_ID
Ligue1,smcaen,38vh46
Ligue1,smcaen,39dbec
Ligue1,smcaen,3byikq
Ligue1,smcaen,3fmcq5
Ligue1,smcaen,3ga8h3
Ligue1,smcaen,3iqh61
Ligue1,smcaen,3kx05d
Ligue1,smcaen,3kx7cl
Ligue1,smcaen,3kx7hv
Ligue1,smcaen,3kx82d
Ligue1,smcaen,3l21aq
Ligue1,smcaen,3l21yq
Ligue1,smcaen,3l22m2
Ligue1,smcaen,3l6t0l
Ligue1,smcaen,3mc09g
Ligue1,smcaen,3mouul
Ligue1,smcaen,3rzz6d
Ligue1,smcaen,3rzzdy
Ligue1,smcaen,3seyry
Ligue1,smcaen,3t0hwj
Ligue1,smcaen,3t0hzm
Ligue1,smcaen,42djut
Ligue1,smcaen,42zw79
Ligue1,smcaen,43le9z
Ligue1,smcaen,4918sz
Ligue1,smcaen,4l9vh4
Ligue1,smcaen,4vgg0r
Ligue1,smcaen,4x9dmf
Ligue1,smcaen,4x9dtv
Ligue1,smcaen,4xun9r
Ligue1,smcaen,4xuneq
Ligue1,smcaen,53d1qp
Ligue1,smcaen,5ow5ka
Ligue1,smcaen,6ddbyw
Ligue1,smcaen,81yphu
Ligue1,smcaen,899vzi
Ligue1,smcaen,8d97kd
Ligue1,smcaen,8dy54g
Ligue1,smcaen,8jbkco
Ligue1,smcaen,8kbp68
Ligue1,smcaen,8kdtbs
Ligue1,smcaen,8ko7d7
Ligue1,smcaen,8kohwh
Ligue1,smcaen,8pinzq
Ligue1,smcaen,8w1o5e
Ligue1,smcaen,8ydwnt
Ligue1,smcaen,90nmz4
Ligue1,smcaen,94c0h2
Ligue1,smcaen,97s32m
Ligue1,smcaen,97s3j3
Ligue1,smcaen,9bnakj
Ligue1,smcaen,9g33m0
Ligue1,smcaen,a4zhjb
Ligue1,smcaen,ake22s
Ligue1,smcaen,al3xj8
Ligue1,smcaen,alujnk
Ligue1,smcaen,aqb6id
Ligue1,smcaen,b7p58x
Ligue1,smcaen,bgy64x
Ligue1,smcaen,bic091
Ligue1,smcaen,bkp29t
Ligue1,smcaen,bngeye
Ligue1,smcaen,bqab4g
Ligue1,smcaen,bqajlr
Ligue1,smcaen,bsrkxj
Ligue1,smcaen,bsrnqn
Ligue1,smcaen,bsuvf8
Ligue1,smcaen,bsvavj
Ligue1,smcaen,bvj3sk
Ligue1,smcaen,c1trwm
Ligue1,smcaen,c4kv5b
Ligue1,smcaen,ctizre
Ligue1,smcaen,d3wso6
Ligue1,smcaen,d7g9sd
Ligue1,smcaen,db57j0
Ligue1,smcaen,dyie9h
Ligue1,smcaen,ij006d
Ligue1,smcaen,ik413k
Ligue1,smcaen,op0763
Ligue1,smcaen,vezyw3
Ligue1,smcaen,vufstv
Ligue1,smcaen,w9oqsx
Ligue1,smcaen,w9p4k7
Ligue1,smcaen,wcl6gv
Ligue1,smcaen,wk8673
Ligue1,smcaen,zxm032
Ligue1,ogcnice,106xna7
Ligue1,ogcnice,1085s1o
Ligue1,ogcnice,1087f68
Ligue1,ogcnice,10aq9s2
Ligue1,ogcnice,10bix88
Ligue1,ogcnice,10bxcnx
Ligue1,ogcnice,10f6q3j
Ligue1,ogcnice,10khn1q
Ligue1,ogcnice,10mczum
Ligue1,ogcnice,10qfb7w
Ligue1,ogcnice,10uoqhj
Ligue1,ogcnice,115guhr
Ligue1,ogcnice,11d5va2
Ligue1,ogcnice,11kn0zf
Ligue1,ogcnice,11xvaa0
Ligue1,ogcnice,120zyrd
Ligue1,ogcnice,129tik6
Ligue1,ogcnice,12dfqyb
Ligue1,ogcnice,12gczvx
Ligue1,ogcnice,12hj6ce
Ligue1,ogcnice,12mczh4
Ligue1,ogcnice,12qkin1
Ligue1,ogcnice,12rs02m
Ligue1,ogcnice,135o21k
Ligue1,ogcnice,13bmbsk
Ligue1,ogcnice,14446ux
Ligue1,ogcnice,144mmnj
Ligue1,ogcnice,14eoke9
Ligue1,ogcnice,150gq1t
Ligue1,ogcnice,154tvun
Ligue1,ogcnice,158ja7w
Ligue1,ogcnice,15cz7l6
Ligue1,ogcnice,15de9fa
Ligue1,ogcnice,15hamx5
Ligue1,ogcnice,3wfl02
Ligue1,ogcnice,4498ve
Ligue1,ogcnice,45g73s
Ligue1,ogcnice,45txt9
Ligue1,ogcnice,46n63d
Ligue1,ogcnice,4e76b3
Ligue1,ogcnice,4jwqzg
Ligue1,ogcnice,50j6t3
Ligue1,ogcnice,50nyqa
Ligue1,ogcnice,50u38a
Ligue1,ogcnice,52revz
Ligue1,ogcnice,5azzio
Ligue1,ogcnice,5qa5nq
Ligue1,ogcnice,5xcsk4
Ligue1,ogcnice,6ftbzh
Ligue1,ogcnice,6or8uw
Ligue1,ogcnice,6orc7o
Ligue1,ogcnice,6qkngj
Ligue1,ogcnice,6r3hi5
Ligue1,ogcnice,6vd4kt
Ligue1,ogcnice,6wlyye
Ligue1,ogcnice,76j5un
Ligue1,ogcnice,77grmz
Ligue1,ogcnice,77llax
Ligue1,ogcnice,77oogs
Ligue1,ogcnice,79a1is
Ligue1,ogcnice,7ffef5
Ligue1,ogcnice,7m2d3m
Ligue1,ogcnice,7ot9mq
Ligue1,ogcnice,8mcvk3
Ligue1,ogcnice,8qa4fx
Ligue1,ogcnice,9979kr
Ligue1,ogcnice,a5eonc
Ligue1,ogcnice,b1nxib
Ligue1,ogcnice,bviof9
Ligue1,ogcnice,cj7yvi
Ligue1,ogcnice,ctj63q
Ligue1,ogcnice,cvsb5r
Ligue1,ogcnice,cw3gfv
Ligue1,ogcnice,cw5l5g
Ligue1,ogcnice,cwpfsg
Ligue1,ogcnice,cx264n
Ligue1,ogcnice,cx2d95
Ligue1,ogcnice,d7gnql
Ligue1,ogcnice,e894in
Ligue1,ogcnice,foxhny
Ligue1,ogcnice,fzu3mj
Ligue1,ogcnice,hbim53
Ligue1,ogcnice,hbimo2
Ligue1,ogcnice,hddotb
Ligue1,ogcnice,hed85d
Ligue1,ogcnice,hedz09
Ligue1,ogcnice,hfqoa2
Ligue1,ogcnice,hfqv4d
Ligue1,ogcnice,hjfirp
Ligue1,ogcnice,hnhb5m
Ligue1,ogcnice,irdsu4
Ligue1,ogcnice,iruaym
Ligue1,ogcnice,iv7q4m
Ligue1,ogcnice,iwdqdc
Ligue1,ogcnice,j4po45
Ligue1,ogcnice,jdy9er
Ligue1,ogcnice,lfif1h
Ligue1,ogcnice,n65r3e
Ligue1,ogcnice,nvw2zh
Ligue1,ogcnice,o7s2wx
Ligue1,ogcnice,odfqda
Ligue1,ogcnice,oincry
Ligue1,ogcnice,p0ignp
Ligue1,ogcnice,p4a0et
Ligue1,ogcnice,p4a0wy
Ligue1,ogcnice,p4a52r
Ligue1,ogcnice,p4a5cn
Ligue1,ogcnice,p4aqr0
Ligue1,ogcnice,p4b4om
Ligue1,ogcnice,p4cnsb
Ligue1,ogcnice,p69kc7
Ligue1,ogcnice,p6twdk
Ligue1,ogcnice,p8iivy
Ligue1,ogcnice,p9kfy4
Ligue1,ogcnice,pbmfua
Ligue1,ogcnice,pd6yoo
Ligue1,ogcnice,pdbnx6
Ligue1,ogcnice,pdcv59
Ligue1,ogcnice,pddo71
Ligue1,ogcnice,pdhnqf
Ligue1,ogcnice,per9lu
Ligue1,ogcnice,pf4xxw
Ligue1,ogcnice,pfv9v7
Ligue1,ogcnice,pkgq39
Ligue1,ogcnice,pl51l4
Ligue1,ogcnice,plndd4
Ligue1,ogcnice,pmu6qb
Ligue1,ogcnice,pmwhmy
Ligue1,ogcnice,pmwhr4
Ligue1,ogcnice,pngvqx
Ligue1,ogcnice,pngx18
Ligue1,ogcnice,pniyo6
Ligue1,ogcnice,povor3
Ligue1,ogcnice,pqwwl7
Ligue1,ogcnice,pr6tpb
Ligue1,ogcnice,pr74fz
Ligue1,ogcnice,pr799y
Ligue1,ogcnice,pr7y7i
Ligue1,ogcnice,ps131q
Ligue1,ogcnice,ptbzq0
Ligue1,ogcnice,pte02k
Ligue1,ogcnice,ptnb1h
Ligue1,ogcnice,ptnbxr
Ligue1,ogcnice,pup983
Ligue1,ogcnice,pvlkmw
Ligue1,ogcnice,pvll3k
Ligue1,ogcnice,pvlljr
Ligue1,ogcnice,pyo36y
Ligue1,ogcnice,q00fp0
Ligue1,ogcnice,q00gl8
Ligue1,ogcnice,q1cjeq
Ligue1,ogcnice,q3b62g
Ligue1,ogcnice,qb5bc9
Ligue1,ogcnice,rlc8du
Ligue1,ogcnice,rznoxr
Ligue1,ogcnice,s4wwi3
Ligue1,ogcnice,sb0i9s
Ligue1,ogcnice,sgbnlo
Ligue1,ogcnice,so1gq9
Ligue1,ogcnice,t1rcws
Ligue1,ogcnice,t1sd3d
Ligue1,ogcnice,t3adil
Ligue1,ogcnice,t3xdae
Ligue1,ogcnice,t5lnwj
Ligue1,ogcnice,t6yl0q
Ligue1,ogcnice,tc4yx3
Ligue1,ogcnice,tifdbo
Ligue1,ogcnice,ttg25j
Ligue1,ogcnice,u06pz5
Ligue1,ogcnice,u4p7oe
Ligue1,ogcnice,u7lr1g
Ligue1,ogcnice,u7mf1d
Ligue1,ogcnice,u8k8cp
Ligue1,ogcnice,u9396s
Ligue1,ogcnice,ueaetj
Ligue1,ogcnice,uk2tl1
Ligue1,ogcnice,uk2tsg
Ligue1,ogcnice,um6x6s
Ligue1,ogcnice,up8n9o
Ligue1,ogcnice,uucnsw
Ligue1,ogcnice,uvbtd8
Ligue1,ogcnice,v6u4ni
Ligue1,ogcnice,vni32f
Ligue1,ogcnice,vojec6
Ligue1,ogcnice,vpl2xk
Ligue1,ogcnice,w5e1tx
Ligue1,ogcnice,wbd3sh
Ligue1,ogcnice,wgoy1k
Ligue1,ogcnice,wh9usc
Ligue1,ogcnice,wm3uiv
Ligue1,ogcnice,wn14y8
Ligue1,ogcnice,wqd3vs
Ligue1,ogcnice,ws7vpt
Ligue1,ogcnice,ww6cb8
Ligue1,ogcnice,wydex6
Ligue1,ogcnice,wyquzp
Ligue1,ogcnice,x16yiu
Ligue1,ogcnice,x1gici
Ligue1,ogcnice,x3vo84
Ligue1,ogcnice,x7yqt9
Ligue1,ogcnice,x9qco7
Ligue1,ogcnice,xbrulv
Ligue1,ogcnice,xdvaqp
Ligue1,ogcnice,xflye8
Ligue1,ogcnice,xwu7b0
Ligue1,ogcnice,y1yk1c
Ligue1,ogcnice,yac9ec
Ligue1,ogcnice,ydro2t
Ligue1,ogcnice,yjza3x
Ligue1,ogcnice,ymo9hy
Ligue1,ogcnice,yqdrpo
Ligue1,ogcnice,zfscdc
Ligue1,ogcnice,zkm9e5
Ligue1,ogcnice,ztne5e
Ligue1,ASSaintEtienne,3v6kw4
Ligue1,ASSaintEtienne,3v772j
Ligue1,ASSaintEtienne,3v9z8g
Ligue1,ASSaintEtienne,3vyjoq
Ligue1,ASSaintEtienne,3wfpyf
Ligue1,ASSaintEtienne,41gcdb
Ligue1,ASSaintEtienne,422z0l
Ligue1,ASSaintEtienne,42iyni
Ligue1,ASSaintEtienne,43l8w5
Ligue1,ASSaintEtienne,448nvl
Ligue1,ASSaintEtienne,44oz5n
Ligue1,ASSaintEtienne,45bc2a
Ligue1,ASSaintEtienne,45twbz
Ligue1,ASSaintEtienne,46h017
Ligue1,ASSaintEtienne,46wase
Ligue1,ASSaintEtienne,4a51e3
Ligue1,ASSaintEtienne,4b78ai
Ligue1,ASSaintEtienne,4lisx9
Ligue1,ASSaintEtienne,4mq6ju
Ligue1,ASSaintEtienne,4qabkv
Ligue1,ASSaintEtienne,4qn8sp
Ligue1,ASSaintEtienne,4sok68
Ligue1,ASSaintEtienne,4unrq2
Ligue1,ASSaintEtienne,4wrmhv
Ligue1,ASSaintEtienne,4y243y
Ligue1,ASSaintEtienne,4y24gd
Ligue1,ASSaintEtienne,4y720y
Ligue1,ASSaintEtienne,4y7pp9
Ligue1,ASSaintEtienne,5a2et4
Ligue1,ASSaintEtienne,5ubcs5
Ligue1,ASSaintEtienne,5vl1v4
Ligue1,ASSaintEtienne,6dnxif
Ligue1,ASSaintEtienne,9812wj
Ligue1,ASSaintEtienne,9pfkx3
Ligue1,ASSaintEtienne,9pfneu
Ligue1,ASSaintEtienne,9q55qu
Ligue1,ASSaintEtienne,9qvdhh
Ligue1,ASSaintEtienne,9sdyf9
Ligue1,ASSaintEtienne,9u4rw1
Ligue1,ASSaintEtienne,a4vxn2
Ligue1,ASSaintEtienne,a5rncd
Ligue1,ASSaintEtienne,a6resy
Ligue1,ASSaintEtienne,b7kmmp
Ligue1,ASSaintEtienne,bmo59j
Ligue1,ASSaintEtienne,brqnps
Ligue1,ASSaintEtienne,bv8l9d
Ligue1,ASSaintEtienne,bzt1r1
Ligue1,ASSaintEtienne,c94pw9
Ligue1,ASSaintEtienne,cofjjn
Ligue1,ASSaintEtienne,crirol
Ligue1,ASSaintEtienne,crk3z7
Ligue1,ASSaintEtienne,cvuc9b
Ligue1,ASSaintEtienne,d6z11x
Ligue1,ASSaintEtienne,d91u1g
Ligue1,ASSaintEtienne,d98adi
Ligue1,ASSaintEtienne,dcwsa8
Ligue1,ASSaintEtienne,dda3li
Ligue1,ASSaintEtienne,ddbvdu
Ligue1,ASSaintEtienne,debpn0
Ligue1,ASSaintEtienne,dhk09r
Ligue1,ASSaintEtienne,dknrdl
Ligue1,ASSaintEtienne,dqks19
Ligue1,ASSaintEtienne,dqmbxp
Ligue1,ASSaintEtienne,dqq276
Ligue1,ASSaintEtienne,dqys10
Ligue1,ASSaintEtienne,dr1h1b
Ligue1,ASSaintEtienne,e3u7qz
Ligue1,ASSaintEtienne,e87ct1
Ligue1,ASSaintEtienne,e87pwx
Ligue1,ASSaintEtienne,ebbydx
Ligue1,ASSaintEtienne,ebbywj
Ligue1,ASSaintEtienne,ekdeph
Ligue1,ASSaintEtienne,ekdpvx
Ligue1,ASSaintEtienne,ekfc3t
Ligue1,ASSaintEtienne,epqbzx
Ligue1,ASSaintEtienne,esd90y
Ligue1,ASSaintEtienne,etwf9d
Ligue1,ASSaintEtienne,etx4ep
Ligue1,ASSaintEtienne,f065ww
Ligue1,ASSaintEtienne,fmdoc0
Ligue1,ASSaintEtienne,fvd3vq
Ligue1,ASSaintEtienne,g9nsda
Ligue1,ASSaintEtienne,g9nz00
Ligue1,ASSaintEtienne,gbprs8
Ligue1,ASSaintEtienne,h8wyhg
Ligue1,ASSaintEtienne,hf0acp
Ligue1,ASSaintEtienne,hj6vzu
Ligue1,ASSaintEtienne,ho5bu3
Ligue1,ASSaintEtienne,hsbtxl
Ligue1,ASSaintEtienne,humibw
Ligue1,ASSaintEtienne,hxah7o
Ligue1,ASSaintEtienne,hzbvgq
Ligue1,ASSaintEtienne,hzbzju
Ligue1,ASSaintEtienne,hzi2ek
Ligue1,ASSaintEtienne,i5a09v
Ligue1,ASSaintEtienne,i76bt7
Ligue1,ASSaintEtienne,ibz6hj
Ligue1,ASSaintEtienne,iuvgi6
Ligue1,ASSaintEtienne,j1y26b
Ligue1,ASSaintEtienne,j1y3h2
Ligue1,ASSaintEtienne,j5sak5
Ligue1,ASSaintEtienne,kryje0
Ligue1,ASSaintEtienne,m1rqcp
Ligue1,ASSaintEtienne,mkmiyp
Ligue1,ASSaintEtienne,n8nzlw
Ligue1,ASSaintEtienne,ndfuzq
Ligue1,ASSaintEtienne,nku6nx
Ligue1,ASSaintEtienne,oinblo
Ligue1,ASSaintEtienne,sg3dqi
Ligue1,ASSaintEtienne,tbeh21
Ligue1,ASSaintEtienne,tgs05n
Ligue1,ASSaintEtienne,tudbcg
Ligue1,ASSaintEtienne,ty72tw
Ligue1,ASSaintEtienne,u8k413
Ligue1,ASSaintEtienne,ulr8li
Ligue1,ASSaintEtienne,wcj4o4
Ligue1,ASSaintEtienne,wib7rt
Ligue1,ASSaintEtienne,xsa1l8
Ligue1,LOSC,109wpxn
Ligue1,LOSC,11gbj6p
Ligue1,LOSC,11nm0ip
Ligue1,LOSC,14az6om
Ligue1,LOSC,14wj9lk
Ligue1,LOSC,152ct8p
Ligue1,LOSC,15301qg
Ligue1,LOSC,154ira7
Ligue1,LOSC,1551j4x
Ligue1,LOSC,155kr2z
Ligue1,LOSC,155lfa4
Ligue1,LOSC,155owvh
Ligue1,LOSC,155unzu
Ligue1,LOSC,156e7au
Ligue1,LOSC,156etzd
Ligue1,LOSC,156jbbb
Ligue1,LOSC,156kchu
Ligue1,LOSC,1577g9o
Ligue1,LOSC,1588uap
Ligue1,LOSC,158cgrc
Ligue1,LOSC,158f23o
Ligue1,LOSC,158ooxj
Ligue1,LOSC,158op0l
Ligue1,LOSC,158p511
Ligue1,LOSC,159hoh6
Ligue1,LOSC,159jz52
Ligue1,LOSC,15aya7o
Ligue1,LOSC,15bw9zd
Ligue1,LOSC,15cmqa1
Ligue1,LOSC,15hal0u
Ligue1,LOSC,15jufrm
Ligue1,LOSC,15kms9r
Ligue1,LOSC,15na07y
Ligue1,LOSC,15nabzy
Ligue1,LOSC,15nc052
Ligue1,LOSC,15p6i30
Ligue1,LOSC,1hrhhz
Ligue1,LOSC,1hrhme
Ligue1,LOSC,1hrium
Ligue1,LOSC,1ht1j2
Ligue1,LOSC,1hv2as
Ligue1,LOSC,1hxrih
Ligue1,LOSC,1jb3ru
Ligue1,LOSC,1nzbgz
Ligue1,LOSC,29sprz
Ligue1,LOSC,2a4hj3
Ligue1,LOSC,2b6ien
Ligue1,LOSC,2c4vn9
Ligue1,LOSC,2dodqc
Ligue1,LOSC,2dz1yv
Ligue1,LOSC,2p497b
Ligue1,LOSC,2pa1k0
Ligue1,LOSC,2pe1jm
Ligue1,LOSC,2pen6m
Ligue1,LOSC,2peokd
Ligue1,LOSC,2pm0tz
Ligue1,LOSC,2pmgro
Ligue1,LOSC,2q1krr
Ligue1,LOSC,2qa6ft
Ligue1,LOSC,2ras4r
Ligue1,LOSC,2rvqpf
Ligue1,LOSC,2s31jr
Ligue1,LOSC,2sashq
Ligue1,LOSC,2sy0y3
Ligue1,LOSC,2sy238
Ligue1,LOSC,2te147
Ligue1,LOSC,2wojs6
Ligue1,LOSC,2wop83
Ligue1,LOSC,2wow61
Ligue1,LOSC,2xhe76
Ligue1,LOSC,2xhr4w
Ligue1,LOSC,2yd2h8
Ligue1,LOSC,2yd6mg
Ligue1,LOSC,2z4t74
Ligue1,LOSC,2z5dto
Ligue1,LOSC,2zhcmh
Ligue1,LOSC,31hcek
Ligue1,LOSC,334n6o
Ligue1,LOSC,34tv1w
Ligue1,LOSC,35l6fo
Ligue1,LOSC,35lady
Ligue1,LOSC,35t4kn
Ligue1,LOSC,35t57p
Ligue1,LOSC,35ymlj
Ligue1,LOSC,365tt5
Ligue1,LOSC,36i3t0
Ligue1,LOSC,36i59c
Ligue1,LOSC,36rdat
Ligue1,LOSC,36w1qt
Ligue1,LOSC,3786tu
Ligue1,LOSC,38hvxn
Ligue1,LOSC,38nviz
Ligue1,LOSC,396tzk
Ligue1,LOSC,3aio0h
Ligue1,LOSC,3e2fyv
Ligue1,LOSC,3e71n3
Ligue1,LOSC,3e8862
Ligue1,LOSC,3ecqlv
Ligue1,LOSC,3ecs2q
Ligue1,LOSC,3g76as
Ligue1,LOSC,3hgft4
Ligue1,LOSC,3iibon
Ligue1,LOSC,3illmh
Ligue1,LOSC,3ouhoj
Ligue1,LOSC,3wfmqe
Ligue1,LOSC,44nj2a
Ligue1,LOSC,45lrk3
Ligue1,LOSC,46xhtk
Ligue1,LOSC,495bc6
Ligue1,LOSC,4aa2jt
Ligue1,LOSC,4d6b50
Ligue1,LOSC,4e5xq1
Ligue1,LOSC,4ea85h
Ligue1,LOSC,4ea8d2
Ligue1,LOSC,4ea8i6
Ligue1,LOSC,4fd9l1
Ligue1,LOSC,4fh81w
Ligue1,LOSC,4pzwil
Ligue1,LOSC,4s2i5x
Ligue1,LOSC,4t18o1
Ligue1,LOSC,4unw1s
Ligue1,LOSC,4upq0k
Ligue1,LOSC,4w6mzm
Ligue1,LOSC,6jtdbg
Ligue1,LOSC,6ofi8e
Ligue1,LOSC,707xhu
Ligue1,LOSC,7aq38e
Ligue1,LOSC,7lvl3i
Ligue1,LOSC,7rt1fq
Ligue1,LOSC,9bp4s2
Ligue1,LOSC,9fb3ur
Ligue1,LOSC,9i7ocq
Ligue1,LOSC,b2zcxl
Ligue1,LOSC,bd1xfo
Ligue1,LOSC,bdqpiu
Ligue1,LOSC,bk5pp8
Ligue1,LOSC,bl994r
Ligue1,LOSC,bnznn4
Ligue1,LOSC,bq8vsu
Ligue1,LOSC,bqdsh5
Ligue1,LOSC,bqdv0w
Ligue1,LOSC,bqunxz
Ligue1,LOSC,bssxhy
Ligue1,LOSC,bv98dz
Ligue1,LOSC,by90wr
Ligue1,LOSC,cau3bi
Ligue1,LOSC,cc36rr
Ligue1,LOSC,cfza9p
Ligue1,LOSC,cjtdsj
Ligue1,LOSC,cltb38
Ligue1,LOSC,cn66ia
Ligue1,LOSC,coymjp
Ligue1,LOSC,cvqcxc
Ligue1,LOSC,cwnmua
Ligue1,LOSC,cwvunk
Ligue1,LOSC,cx49jq
Ligue1,LOSC,cxl61q
Ligue1,LOSC,cxunf7
Ligue1,LOSC,cxuwcd
Ligue1,LOSC,cy9l57
Ligue1,LOSC,cyliji
Ligue1,LOSC,d6mvwf
Ligue1,LOSC,d8bod0
Ligue1,LOSC,d8rllr
Ligue1,LOSC,d9oarv
Ligue1,LOSC,db6xy2
Ligue1,LOSC,dephkj
Ligue1,LOSC,dkvwfq
Ligue1,LOSC,dpfjus
Ligue1,LOSC,drmxb7
Ligue1,LOSC,drn69t
Ligue1,LOSC,ds0wb7
Ligue1,LOSC,e0cq6b
Ligue1,LOSC,e1mk1n
Ligue1,LOSC,e2mc6o
Ligue1,LOSC,e52p61
Ligue1,LOSC,e77cas
Ligue1,LOSC,e86ckr
Ligue1,LOSC,e8fvng
Ligue1,LOSC,ebanjp
Ligue1,LOSC,eeqz5x
Ligue1,LOSC,es1igs
Ligue1,LOSC,euvsr9
Ligue1,LOSC,f6h32g
Ligue1,LOSC,f6h3za
Ligue1,LOSC,f6h4ob
Ligue1,LOSC,f6h59w
Ligue1,LOSC,f8mx4i
Ligue1,LOSC,fcf79a
Ligue1,LOSC,fg1vww
Ligue1,LOSC,goxt0f
Ligue1,LOSC,gszlvx
Ligue1,LOSC,hu6ixj
Ligue1,LOSC,i8o3sn
Ligue1,LOSC,ia6fhz
Ligue1,LOSC,ijbl4l
Ligue1,LOSC,j1ya8o
Ligue1,LOSC,lkmadu
Ligue1,LOSC,lkr83b
Ligue1,LOSC,ll2orx
Ligue1,LOSC,lnbhsg
Ligue1,LOSC,lqps72
Ligue1,LOSC,mcfspq
Ligue1,LOSC,mkmjj6
Ligue1,LOSC,myrh6e
Ligue1,LOSC,n2r8ts
Ligue1,LOSC,n7kg1c
Ligue1,LOSC,n7poyn
Ligue1,LOSC,n8o1be
Ligue1,LOSC,ni1gl4
Ligue1,LOSC,nj4glm
Ligue1,LOSC,nj88s4
Ligue1,LOSC,njgwbg
Ligue1,LOSC,njh2cx
Ligue1,LOSC,njhloi
Ligue1,LOSC,njikt1
Ligue1,LOSC,njilgp
Ligue1,LOSC,njim14
Ligue1,LOSC,nk1l7g
Ligue1,LOSC,nkn4vc
Ligue1,LOSC,nkptyk
Ligue1,LOSC,nmbkae
Ligue1,LOSC,nvvts3
Ligue1,LOSC,nvw358
Ligue1,LOSC,oenunp
Ligue1,LOSC,ojqm9p
Ligue1,LOSC,oz6gwa
Ligue1,LOSC,p0bcyp
Ligue1,LOSC,p6q632
Ligue1,LOSC,pbkavv
Ligue1,LOSC,qbyuhr
Ligue1,LOSC,r2nlyz
Ligue1,LOSC,r2nn5u
Ligue1,LOSC,r76rsx
Ligue1,LOSC,rfhweb
Ligue1,LOSC,riwgyn
Ligue1,LOSC,sbzioc
Ligue1,LOSC,sjyhmn
Ligue1,LOSC,ssczgs
Ligue1,LOSC,svwkhj
Ligue1,LOSC,sy9w4k
Ligue1,LOSC,syo74s
Ligue1,LOSC,sz1epr
Ligue1,LOSC,t5cgpm
Ligue1,LOSC,tdirry
Ligue1,LOSC,tf4zqy
Ligue1,LOSC,tgaz6x
Ligue1,LOSC,tkau7g
Ligue1,LOSC,u4srxu
Ligue1,LOSC,u8jz88
Ligue1,LOSC,u8ketq
Ligue1,LOSC,umi89y
Ligue1,LOSC,utmhkl
Ligue1,LOSC,v5yatc
Ligue1,LOSC,w0wbmh
Ligue1,LOSC,wi9zq6
Ligue1,LOSC,wj66hd
Ligue1,LOSC,wlr3g5
Ligue1,LOSC,x4rf5i
Ligue1,LOSC,x9viwb
Ligue1,LOSC,xg527i
Ligue1,LOSC,xjxw3t
Ligue1,LOSC,xutpn8
Ligue1,LOSC,yltx7a
Ligue1,LOSC,yvvwad
Ligue1,LOSC,zada4b
Ligue1,LOSC,zkm8y7
Ligue1,LOSC,zxlxze
Ligue1,LOSC,zy1jx4
