Database,Collection,Post_ID
Ligue1,PSG,wgd2uj
Ligue1,PSG,wgdfl5
Ligue1,PSG,wgdje0
Ligue1,PSG,wgdwn1
Ligue1,PSG,wggjcc
Ligue1,PSG,wgh94f
Ligue1,PSG,wgh9qk
Ligue1,PSG,wghfcd
Ligue1,PSG,wghp3x
Ligue1,PSG,wgojhi
Ligue1,PSG,wgom4k
Ligue1,PSG,wgpo6i
Ligue1,PSG,wgq1vl
Ligue1,PSG,wgtdpj
Ligue1,PSG,wgucwr
Ligue1,PSG,wguh6p
Ligue1,PSG,wgw477
Ligue1,PSG,wgwe1s
Ligue1,PSG,wh10th
Ligue1,PSG,wh1u0x
Ligue1,PSG,wh1vac
Ligue1,PSG,wh1xd2
Ligue1,PSG,wh2f1z
Ligue1,PSG,wh4806
Ligue1,PSG,wh4ksx
Ligue1,PSG,wh5f46
Ligue1,PSG,wh7g6y
Ligue1,PSG,whbejd
Ligue1,PSG,whhz41
Ligue1,PSG,whj1hu
Ligue1,PSG,whjayt
Ligue1,PSG,whjc42
Ligue1,PSG,whjd1c
Ligue1,PSG,whk5uz
Ligue1,PSG,whkgb8
Ligue1,PSG,whm40x
Ligue1,PSG,whnaac
Ligue1,PSG,who9y3
Ligue1,PSG,whogpp
Ligue1,PSG,wholj1
Ligue1,PSG,whpqwq
Ligue1,PSG,whudzj
Ligue1,PSG,whuiot
Ligue1,PSG,whvfyk
Ligue1,PSG,whviup
Ligue1,PSG,whvk1g
Ligue1,PSG,whvsog
Ligue1,PSG,whw5j3
Ligue1,PSG,whw5sj
Ligue1,PSG,whwhcs
Ligue1,PSG,whwrtu
Ligue1,PSG,whxord
Ligue1,PSG,whxpuo
Ligue1,PSG,whxsag
Ligue1,PSG,whxvqp
Ligue1,PSG,whxxel
Ligue1,PSG,whxxvq
Ligue1,PSG,whxypf
Ligue1,PSG,why16e
Ligue1,PSG,why4g5
Ligue1,PSG,why55c
Ligue1,PSG,why7yl
Ligue1,PSG,whyyja
Ligue1,PSG,wi05r0
Ligue1,PSG,wi081c
Ligue1,PSG,wi0b2n
Ligue1,PSG,wi0ds2
Ligue1,PSG,wi0dzn
Ligue1,PSG,wi0erh
Ligue1,PSG,wi0ngf
Ligue1,PSG,wi0uj5
Ligue1,PSG,wi1ey4
Ligue1,PSG,wi1rww
Ligue1,PSG,wi3dye
Ligue1,PSG,wi4de3
Ligue1,PSG,wi6djn
Ligue1,PSG,wi6ex7
Ligue1,PSG,wi6ou0
Ligue1,PSG,wi6swi
Ligue1,PSG,wi9gd9
Ligue1,PSG,wi9lth
Ligue1,PSG,wibda1
Ligue1,PSG,wicap9
Ligue1,PSG,wid39m
Ligue1,PSG,widvos
Ligue1,PSG,wie1iz
Ligue1,PSG,wif6us
Ligue1,PSG,wifsez
Ligue1,PSG,wik8t4
Ligue1,PSG,wiobgm
Ligue1,PSG,wiohwa
Ligue1,PSG,wipm4z
Ligue1,PSG,wis8l9
Ligue1,PSG,wj23lt
Ligue1,PSG,wj3hbe
Ligue1,PSG,wj3xjh
Ligue1,PSG,wj3z6i
Ligue1,PSG,wj3zw8
Ligue1,PSG,wj41vc
Ligue1,PSG,wj42yn
Ligue1,PSG,wj6con
Ligue1,PSG,wj6zq3
Ligue1,PSG,wj81fa
Ligue1,PSG,wj82v5
Ligue1,PSG,wj8r5w
Ligue1,PSG,wj8t04
Ligue1,PSG,wjbobr
Ligue1,PSG,wjconv
Ligue1,PSG,wjebre
Ligue1,PSG,wjg81v
Ligue1,PSG,wjg9iw
Ligue1,PSG,wjgt99
Ligue1,PSG,wjjayn
Ligue1,PSG,wjka20
Ligue1,PSG,wjqpqh
Ligue1,PSG,wjr254
Ligue1,PSG,wjrf53
Ligue1,PSG,wjvbg8
Ligue1,PSG,wjwi0d
Ligue1,PSG,wjzds3
Ligue1,PSG,wk465h
Ligue1,PSG,wk5651
Ligue1,PSG,wk5azr
Ligue1,PSG,wk5c63
Ligue1,PSG,wk5gk0
Ligue1,PSG,wk66w1
Ligue1,PSG,wka7kd
Ligue1,PSG,wkakcw
Ligue1,PSG,wkdhm3
Ligue1,PSG,wkduhg
Ligue1,PSG,wkfcb5
Ligue1,PSG,wkgi6t
Ligue1,PSG,wkqnmm
Ligue1,PSG,wku1g8
Ligue1,PSG,wkwh0q
Ligue1,PSG,wkx6l7
Ligue1,PSG,wkxb1r
Ligue1,PSG,wkxqze
Ligue1,PSG,wky3zw
Ligue1,PSG,wl5bgw
Ligue1,PSG,wl5zie
Ligue1,PSG,wl9mec
Ligue1,PSG,wl9nfu
Ligue1,PSG,wl9nyb
Ligue1,PSG,wl9qkf
Ligue1,PSG,wlfwmu
Ligue1,PSG,wlkahr
Ligue1,PSG,wlkugq
Ligue1,PSG,wlll0h
Ligue1,PSG,wln7bu
Ligue1,PSG,wln7ve
Ligue1,PSG,wlna8a
Ligue1,PSG,wlpupk
Ligue1,PSG,wlpzet
Ligue1,PSG,wlq1d9
Ligue1,PSG,wlr7y3
Ligue1,PSG,wlro8p
Ligue1,PSG,wlsjpo
Ligue1,PSG,wltufy
Ligue1,PSG,wlvitc
Ligue1,PSG,wlwaxl
Ligue1,PSG,wlwdy8
Ligue1,PSG,wlwz18
Ligue1,PSG,wlz8u2
Ligue1,PSG,wlzvus
Ligue1,PSG,wm3fai
Ligue1,PSG,wm6bpd
Ligue1,PSG,wm6jk0
Ligue1,PSG,wm6vuy
Ligue1,PSG,wmadsr
Ligue1,PSG,wmeka6
Ligue1,PSG,wmfnm8
Ligue1,PSG,wmftik
Ligue1,PSG,wmfudn
Ligue1,PSG,wmg358
Ligue1,PSG,wmg3sa
Ligue1,PSG,wmg556
Ligue1,PSG,wmgoe7
Ligue1,PSG,wmj4ca
Ligue1,PSG,wml92i
Ligue1,PSG,wmlb4y
Ligue1,PSG,wmlszp
Ligue1,PSG,wmm0y8
Ligue1,PSG,wmm3la
Ligue1,PSG,wmmkoo
Ligue1,PSG,wmmlth
Ligue1,PSG,wmrd4t
Ligue1,PSG,wmrd6c
Ligue1,PSG,wms44n
Ligue1,PSG,wmt1h9
Ligue1,PSG,wmt4od
Ligue1,PSG,wmzxee
Ligue1,PSG,wn06rx
Ligue1,PSG,wn0ep4
Ligue1,PSG,wn1xtw
Ligue1,PSG,wn2svh
Ligue1,PSG,wn4lvg
Ligue1,PSG,wn7zna
Ligue1,PSG,wnarjx
Ligue1,PSG,wnaunr
Ligue1,PSG,wnc1ri
Ligue1,PSG,wnddui
Ligue1,PSG,wndyt2
Ligue1,PSG,wndz6g
Ligue1,PSG,wne0eo
Ligue1,PSG,wnfrmz
Ligue1,PSG,wnft4b
Ligue1,PSG,wnge7s
Ligue1,PSG,wnjhm6
Ligue1,PSG,wnkqn5
Ligue1,PSG,wnkwl1
Ligue1,PSG,wnllaj
Ligue1,PSG,wnlnp3
Ligue1,PSG,wnlpgj
Ligue1,PSG,wnlrk3
Ligue1,PSG,wnlx6n
Ligue1,PSG,wnmv4n
Ligue1,PSG,wnmwn6
Ligue1,PSG,wnn8v8
Ligue1,PSG,wnngkh
Ligue1,PSG,wnntv1
Ligue1,PSG,wno5s2
Ligue1,PSG,wno5w0
Ligue1,PSG,wno8je
Ligue1,PSG,wno9hl
Ligue1,PSG,wnobvo
Ligue1,PSG,wnogr0
Ligue1,PSG,wnoj7o
Ligue1,PSG,wnomub
Ligue1,PSG,wnovtp
Ligue1,PSG,wnp1jo
Ligue1,PSG,wnpdj5
Ligue1,PSG,wnq9r8
Ligue1,PSG,wnr4i6
Ligue1,PSG,wnrqog
Ligue1,PSG,wnrrvl
Ligue1,PSG,wnrvl5
Ligue1,PSG,wnrzjr
Ligue1,PSG,wnsv31
Ligue1,PSG,wnt1fd
Ligue1,PSG,wnt8cc
Ligue1,PSG,wntilm
Ligue1,PSG,wntkx2
Ligue1,PSG,wntx60
Ligue1,PSG,wnw7mn
Ligue1,PSG,wnyom0
Ligue1,PSG,wnzycn
Ligue1,PSG,wo0bkg
Ligue1,PSG,wo0rcb
Ligue1,PSG,wo1qe8
Ligue1,PSG,wo1red
Ligue1,PSG,wo3ndx
Ligue1,PSG,wo3vnp
Ligue1,PSG,wo55da
Ligue1,PSG,wo6bqg
Ligue1,PSG,wo8iha
Ligue1,PSG,wo8jwt
Ligue1,PSG,wo8p3h
Ligue1,PSG,wo8tm2
Ligue1,PSG,woahtb
Ligue1,PSG,woav4k
Ligue1,PSG,wob765
Ligue1,PSG,wob9iu
Ligue1,PSG,woblpq
Ligue1,PSG,wocqqs
Ligue1,PSG,wocses
Ligue1,PSG,wodgee
Ligue1,PSG,woemd5
Ligue1,PSG,wof81x
Ligue1,PSG,wofj1g
Ligue1,PSG,wofkpk
Ligue1,PSG,wogeu0
Ligue1,PSG,woglpq
Ligue1,PSG,woh0es
Ligue1,PSG,wohhcd
Ligue1,PSG,wokgpm
Ligue1,PSG,wokkfw
Ligue1,PSG,wolghg
Ligue1,PSG,womfio
Ligue1,PSG,wostte
Ligue1,PSG,wou770
Ligue1,PSG,wouefe
Ligue1,PSG,woumux
Ligue1,PSG,wovs42
Ligue1,PSG,wowigl
Ligue1,PSG,wowzm9
Ligue1,PSG,woymry
Ligue1,PSG,woyrh3
Ligue1,PSG,woz2ab
Ligue1,PSG,wozi4p
Ligue1,PSG,wozkld
Ligue1,PSG,wp0czg
Ligue1,PSG,wp0gh8
Ligue1,PSG,wp0hu3
Ligue1,PSG,wp1ng3
Ligue1,PSG,wp1su7
Ligue1,PSG,wp37ko
Ligue1,PSG,wp4vnl
Ligue1,PSG,wp5pot
Ligue1,PSG,wp7ocu
Ligue1,PSG,wp8aoh
Ligue1,PSG,wpapds
Ligue1,PSG,wpazav
Ligue1,PSG,wpefko
Ligue1,PSG,wpenwr
Ligue1,PSG,wpepsf
Ligue1,PSG,wpk37x
Ligue1,PSG,wpk4im
Ligue1,PSG,wpk7oo
Ligue1,PSG,wpnc0y
Ligue1,PSG,wpndqc
Ligue1,PSG,wpni2j
Ligue1,PSG,wppkt5
Ligue1,PSG,wpqg6y
Ligue1,PSG,wpqpw5
Ligue1,PSG,wprug9
Ligue1,PSG,wpswf1
Ligue1,PSG,wpsxw9
Ligue1,PSG,wpun5t
Ligue1,PSG,wpuqpx
Ligue1,PSG,wpv7p3
Ligue1,PSG,wpvls8
Ligue1,PSG,wpvv7w
Ligue1,PSG,wpvy7l
Ligue1,PSG,wpwfxc
Ligue1,PSG,wpwn4t
Ligue1,PSG,wpx54s
Ligue1,PSG,wpxiuc
Ligue1,PSG,wpyww3
Ligue1,PSG,wpyy68
Ligue1,PSG,wq03qw
Ligue1,PSG,wq1djx
Ligue1,PSG,wq3c33
Ligue1,PSG,wq3yki
Ligue1,PSG,wq793g
Ligue1,PSG,wqa9pb
Ligue1,PSG,wqbhrh
Ligue1,PSG,wqbnwv
Ligue1,PSG,wqe8hf
Ligue1,PSG,wqi3ja
Ligue1,PSG,wqi495
Ligue1,PSG,wqiaut
Ligue1,PSG,wqkkou
Ligue1,PSG,wqmjsf
Ligue1,PSG,wqn6gw
Ligue1,PSG,wqnaq5
Ligue1,PSG,wqnsuh
Ligue1,PSG,wqp7fv
Ligue1,PSG,wqq3km
Ligue1,PSG,wqs6dn
Ligue1,PSG,wqsajb
Ligue1,PSG,wqtcq6
Ligue1,PSG,wquajo
Ligue1,PSG,wqx84r
Ligue1,PSG,wr117z
Ligue1,PSG,wr11op
Ligue1,PSG,wr16r0
Ligue1,PSG,wr1n4z
Ligue1,PSG,wr2mhm
Ligue1,PSG,wr5xyi
Ligue1,PSG,wr8nip
Ligue1,PSG,wraimm
Ligue1,PSG,wrbl0f
Ligue1,PSG,wrclh6
Ligue1,PSG,wrhux1
Ligue1,PSG,wrhxcs
Ligue1,PSG,wribmr
Ligue1,PSG,wrk80r
Ligue1,PSG,wroqwp
Ligue1,PSG,wrpbqq
Ligue1,PSG,wrq69q
Ligue1,PSG,wrqoc8
Ligue1,PSG,wrqp87
Ligue1,PSG,wrqutc
Ligue1,PSG,wrra8g
Ligue1,PSG,wrrdn8
Ligue1,PSG,wrrq63
Ligue1,PSG,wrv0dy
Ligue1,PSG,wrvv3k
Ligue1,PSG,wrwwco
Ligue1,PSG,wrwzpd
Ligue1,PSG,wryjqr
Ligue1,PSG,ws06gl
Ligue1,PSG,ws08u0
Ligue1,PSG,ws1288
Ligue1,PSG,ws2zql
Ligue1,PSG,ws6hbv
Ligue1,PSG,ws75zf
Ligue1,PSG,ws7due
Ligue1,PSG,ws7f2v
Ligue1,PSG,ws7gyo
Ligue1,PSG,wsb70m
Ligue1,PSG,wsckz4
Ligue1,PSG,wsdh1s
Ligue1,PSG,wsg02p
Ligue1,PSG,wsgk6x
Ligue1,PSG,wsgpdv
Ligue1,PSG,wsk4ns
Ligue1,PSG,wskh0c
Ligue1,PSG,wskpr7
Ligue1,PSG,wskx0k
Ligue1,PSG,wsl5mg
Ligue1,PSG,wslkbj
Ligue1,PSG,wsoup4
Ligue1,PSG,wsr366
Ligue1,PSG,wt0pjr
Ligue1,PSG,wt3ml5
Ligue1,PSG,wt5ajh
Ligue1,PSG,wt5xpa
Ligue1,PSG,wt6a53
Ligue1,PSG,wtc54d
Ligue1,PSG,wtcxxs
Ligue1,PSG,wtdr52
Ligue1,PSG,wtf5kv
Ligue1,PSG,wtfs0k
Ligue1,PSG,wtfymy
Ligue1,PSG,wtif7q
Ligue1,PSG,wtm4d0
Ligue1,PSG,wtm7ns
Ligue1,PSG,wtmeq6
Ligue1,PSG,wtt3xy
Ligue1,PSG,wtvulx
Ligue1,PSG,wtwno3
Ligue1,PSG,wtwo03
Ligue1,PSG,wtyqrw
Ligue1,PSG,wtztiv
Ligue1,PSG,wu0jn3
Ligue1,PSG,wu2mn2
Ligue1,PSG,wu2tb5
Ligue1,PSG,wu3fzx
Ligue1,PSG,wu3j86
Ligue1,PSG,wu4lem
Ligue1,PSG,wu5svb
Ligue1,PSG,wu5txd
Ligue1,PSG,wu5vf0
Ligue1,PSG,wu6558
Ligue1,PSG,wu6zws
Ligue1,PSG,wu7mp0
Ligue1,PSG,wu7mwh
Ligue1,PSG,wu7tub
Ligue1,PSG,wu7w9q
Ligue1,PSG,wu7w9s
Ligue1,PSG,wu806d
Ligue1,PSG,wu81fh
Ligue1,PSG,wu88bv
Ligue1,PSG,wu8i3o
Ligue1,PSG,wu8kz2
Ligue1,PSG,wu8l5b
Ligue1,PSG,wu8xho
Ligue1,PSG,wu8xsh
Ligue1,PSG,wu9asz
Ligue1,PSG,wu9f8q
Ligue1,PSG,wu9fio
Ligue1,PSG,wu9j9r
Ligue1,PSG,wu9k0j
Ligue1,PSG,wu9l67
Ligue1,PSG,wu9lhu
Ligue1,PSG,wu9mcp
Ligue1,PSG,wu9o8p
Ligue1,PSG,wu9pns
Ligue1,PSG,wu9ugi
Ligue1,PSG,wua9uj
Ligue1,PSG,wuay79
Ligue1,PSG,wubghw
Ligue1,PSG,wubvuw
Ligue1,PSG,wubyu4
Ligue1,PSG,wubzfl
Ligue1,PSG,wucgcb
Ligue1,PSG,wuciuf
Ligue1,PSG,wueh32
Ligue1,PSG,wueiog
Ligue1,PSG,wuemye
Ligue1,PSG,wuf9ae
Ligue1,PSG,wugwnr
Ligue1,PSG,wuhv5y
Ligue1,PSG,wukudr
Ligue1,PSG,wukx8l
Ligue1,PSG,wul3ha
Ligue1,PSG,wumhl2
Ligue1,PSG,wuq0c8
Ligue1,PSG,wur3gp
Ligue1,PSG,wur67v
Ligue1,PSG,wusljy
Ligue1,PSG,wutk2t
Ligue1,PSG,wuttpf
Ligue1,PSG,wutyh4
Ligue1,PSG,wuuedv
Ligue1,PSG,wuv0xt
Ligue1,PSG,wuvf0j
Ligue1,PSG,wuvvb8
Ligue1,PSG,wuxwdo
Ligue1,PSG,wuy1wq
Ligue1,PSG,wuyayz
Ligue1,PSG,wv0ygm
Ligue1,PSG,wv1vt2
Ligue1,PSG,wv1xh2
Ligue1,PSG,wv3n0p
Ligue1,PSG,wv5ddt
Ligue1,PSG,wvb4dv
Ligue1,PSG,wveb82
Ligue1,PSG,wveud9
Ligue1,PSG,wvhssq
Ligue1,PSG,wvi9nk
Ligue1,PSG,wvjzhe
Ligue1,PSG,wvkxnt
Ligue1,PSG,wvncn7
Ligue1,PSG,wvqc6i
Ligue1,PSG,wvqit7
Ligue1,PSG,wvqx3c
Ligue1,PSG,wvr4rq
Ligue1,PSG,wvrvx4
Ligue1,PSG,wvt9wg
Ligue1,PSG,wvtfio
Ligue1,PSG,wvtw5v
Ligue1,PSG,wvx22f
Ligue1,PSG,wvxzix
Ligue1,PSG,ww0qpu
Ligue1,PSG,ww14wa
Ligue1,PSG,ww18rh
Ligue1,PSG,ww1e0a
Ligue1,PSG,ww2pf4
Ligue1,PSG,ww621j
Ligue1,PSG,ww8p5i
Ligue1,PSG,ww9k0a
Ligue1,PSG,wwchpa
Ligue1,PSG,wwciv3
Ligue1,PSG,wwcwsv
Ligue1,PSG,wwf3wh
Ligue1,PSG,wwf5h3
Ligue1,PSG,wwh9qn
Ligue1,PSG,wwiowt
Ligue1,PSG,wwir19
Ligue1,PSG,wwjyvx
Ligue1,PSG,wwl5sf
Ligue1,PSG,wwlb4u
Ligue1,PSG,wwlr38
Ligue1,PSG,wwlso8
Ligue1,PSG,wwlv8e
Ligue1,PSG,wwm06s
Ligue1,PSG,wwn891
Ligue1,PSG,wwowpk
Ligue1,PSG,wwpagc
Ligue1,PSG,wwpo9w
Ligue1,PSG,wwptts
Ligue1,PSG,wwqdo2
Ligue1,PSG,wwqqhm
Ligue1,PSG,wwu8n5
Ligue1,PSG,wwubiw
Ligue1,PSG,wwvu0n
Ligue1,PSG,wwwgxj
Ligue1,PSG,wwxb6u
Ligue1,PSG,wwxwpc
Ligue1,PSG,wwxzyt
Ligue1,PSG,wwzf9f
Ligue1,PSG,wwzl8h
Ligue1,PSG,wx1kk4
Ligue1,PSG,wx3b71
Ligue1,PSG,wx5cpe
Ligue1,PSG,wx76mu
Ligue1,PSG,wxb091
Ligue1,PSG,wxb5lq
Ligue1,PSG,wxfmek
Ligue1,PSG,wxi0fc
Ligue1,PSG,wxija4
Ligue1,PSG,wxjjle
Ligue1,PSG,wxjm4o
Ligue1,PSG,wxjmj7
Ligue1,PSG,wxjnvn
Ligue1,PSG,wxjzav
Ligue1,PSG,wxk30r
Ligue1,PSG,wxk67k
Ligue1,PSG,wxkfuf
Ligue1,PSG,wxkjwi
Ligue1,PSG,wxkoo3
Ligue1,PSG,wxkoqv
Ligue1,PSG,wxlont
Ligue1,PSG,wxn5az
Ligue1,PSG,wxnb6i
Ligue1,PSG,wxr7vk
Ligue1,PSG,wxunm6
Ligue1,PSG,wxvalg
Ligue1,PSG,wxvbky
Ligue1,PSG,wy04tg
Ligue1,PSG,wy25n1
Ligue1,PSG,wy26l3
Ligue1,PSG,wy2dsa
Ligue1,PSG,wy6dby
Ligue1,PSG,wy6xqg
Ligue1,PSG,wy7yva
Ligue1,PSG,wybvwq
Ligue1,PSG,wyc7ah
Ligue1,PSG,wydzcg
Ligue1,PSG,wyekzt
Ligue1,PSG,wyeo8c
Ligue1,PSG,wyg7ox
Ligue1,PSG,wyh14b
Ligue1,PSG,wyn8c9
Ligue1,PSG,wyw3ux
Ligue1,PSG,wyw93e
Ligue1,PSG,wyx470
Ligue1,PSG,wyxltd
Ligue1,PSG,wyxswi
Ligue1,PSG,wyxv2m
Ligue1,PSG,wyxw9h
Ligue1,PSG,wyzhz0
Ligue1,PSG,wyzqvj
Ligue1,PSG,wyzx3z
Ligue1,PSG,wyzz9s
Ligue1,PSG,wz01bf
Ligue1,PSG,wz1ciy
Ligue1,PSG,wz1uv5
Ligue1,PSG,wz27j8
Ligue1,PSG,wz33m5
Ligue1,PSG,wz35vl
Ligue1,PSG,wz3utv
Ligue1,PSG,wz5xzl
Ligue1,PSG,wzaqgt
Ligue1,PSG,wzcawu
Ligue1,PSG,wzgxj9
Ligue1,PSG,wzh6r7
Ligue1,PSG,wzhhvu
Ligue1,PSG,wzi5jb
Ligue1,PSG,wzi8do
Ligue1,PSG,wzp18k
Ligue1,PSG,wzpezb
Ligue1,PSG,wzru7u
Ligue1,PSG,wzs035
Ligue1,PSG,wzu1ip
Ligue1,PSG,wzvirq
Ligue1,PSG,wzvki6
Ligue1,PSG,wzwe04
Ligue1,PSG,wzwqgp
Ligue1,PSG,wzxmqp
Ligue1,PSG,wzyana
Ligue1,PSG,wzybl8
Ligue1,PSG,wzzrrf
Ligue1,PSG,x01v8b
Ligue1,PSG,x02pgb
Ligue1,PSG,x03az4
Ligue1,PSG,x03kal
Ligue1,PSG,x0448f
Ligue1,PSG,x04yrx
Ligue1,PSG,x05e49
Ligue1,PSG,x05l5g
Ligue1,PSG,x05rni
Ligue1,PSG,x060td
Ligue1,PSG,x064us
Ligue1,PSG,x06aay
Ligue1,PSG,x06h1a
Ligue1,PSG,x06jh4
Ligue1,PSG,x06uge
Ligue1,PSG,x06w8i
Ligue1,PSG,x07zq3
Ligue1,PSG,x09ewx
Ligue1,PSG,x0fiat
Ligue1,PSG,x0hjqg
Ligue1,PSG,x0hk8f
Ligue1,PSG,x0i2b8
Ligue1,PSG,x0ixhd
Ligue1,PSG,x0k2fh
Ligue1,PSG,x0kb7n
Ligue1,PSG,x0l7kf
Ligue1,PSG,x0lr2q
Ligue1,PSG,x0nt7g
Ligue1,PSG,x0pkm0
Ligue1,PSG,x0pu7i
Ligue1,PSG,x0rkfy
Ligue1,PSG,x0tvmp
Ligue1,PSG,x0w1bd
Ligue1,PSG,x0w542
Ligue1,PSG,x0xz6v
Ligue1,PSG,x0y4gw
Ligue1,PSG,x0yaxe
Ligue1,PSG,x0z8b0
Ligue1,PSG,x11shf
Ligue1,PSG,x11w7q
Ligue1,PSG,x12r8i
Ligue1,PSG,x12wd1
Ligue1,PSG,x19eiy
Ligue1,PSG,x1a7p2
Ligue1,PSG,x1ar1c
Ligue1,PSG,x1asa1
Ligue1,PSG,x1bggq
Ligue1,PSG,x1bi06
Ligue1,PSG,x1c608
Ligue1,PSG,x1c7y4
Ligue1,PSG,x1ca8l
Ligue1,PSG,x1cjr9
Ligue1,PSG,x1cnvl
Ligue1,PSG,x1dax6
Ligue1,PSG,x1dei0
Ligue1,PSG,x1dhva
Ligue1,PSG,x1dljy
Ligue1,PSG,x1dpr9
Ligue1,PSG,x1dxqu
Ligue1,PSG,x1f3mq
Ligue1,PSG,x1fgaj
Ligue1,PSG,x1g89a
Ligue1,PSG,x1g90w
Ligue1,PSG,x1hdtm
Ligue1,PSG,x1hkf3
Ligue1,PSG,x1hl4k
Ligue1,PSG,x1hwaz
Ligue1,PSG,x1i2ft
Ligue1,PSG,x1ihwc
Ligue1,PSG,x1j3mk
Ligue1,PSG,x1jhgz
Ligue1,PSG,x1jmd4
Ligue1,PSG,x1jxgv
Ligue1,PSG,x1khkk
Ligue1,PSG,x1ko0w
Ligue1,PSG,x1ko76
Ligue1,PSG,x1kyli
Ligue1,PSG,x1lk6b
Ligue1,PSG,x1lofr
Ligue1,PSG,x1lx96
Ligue1,PSG,x1m228
Ligue1,PSG,x1m6nh
Ligue1,PSG,x1m96b
Ligue1,PSG,x1mhl0
Ligue1,PSG,x1mo95
Ligue1,PSG,x1mpf5
Ligue1,PSG,x1mqab
Ligue1,PSG,x1mt1q
Ligue1,PSG,x1n4d4
Ligue1,PSG,x1ny4p
Ligue1,PSG,x1nzmk
Ligue1,PSG,x1oa8b
Ligue1,PSG,x1oeq2
Ligue1,PSG,x1ohkn
Ligue1,PSG,x1ow63
Ligue1,PSG,x1p6hd
Ligue1,PSG,x1q0nx
Ligue1,PSG,x1q84s
Ligue1,PSG,x1t6dl
Ligue1,PSG,x1u180
Ligue1,PSG,x1ux8i
Ligue1,PSG,x1v4se
Ligue1,PSG,x1v67a
Ligue1,PSG,x1v6ji
Ligue1,PSG,x1wb2h
Ligue1,PSG,x1wkp3
Ligue1,PSG,x1z8c0
Ligue1,PSG,x22c8v
Ligue1,PSG,x23fng
Ligue1,PSG,x23kq7
Ligue1,PSG,x25iee
Ligue1,PSG,x25u1i
Ligue1,PSG,x26rq6
Ligue1,PSG,x276al
Ligue1,PSG,x27utv
Ligue1,PSG,x27wod
Ligue1,PSG,x28fmt
Ligue1,PSG,x28hud
Ligue1,PSG,x28p8c
Ligue1,PSG,x2986c
Ligue1,PSG,x299on
Ligue1,PSG,x29j20
Ligue1,PSG,x29kic
Ligue1,PSG,x29ypr
Ligue1,PSG,x2a151
Ligue1,PSG,x2aiss
Ligue1,PSG,x2al41
Ligue1,PSG,x2cmzr
Ligue1,PSG,x2ecy9
Ligue1,PSG,x2eppn
Ligue1,PSG,x2esok
Ligue1,PSG,x2f4ll
Ligue1,PSG,x2fhu2
Ligue1,PSG,x2gco7
Ligue1,PSG,x2gfgb
Ligue1,PSG,x2gl8z
Ligue1,PSG,x2hb6k
Ligue1,PSG,x2hw8c
Ligue1,PSG,x2ix9j
Ligue1,PSG,x2j0oy
Ligue1,PSG,x2jfdj
Ligue1,PSG,x2jwbl
Ligue1,PSG,x2jwx9
Ligue1,PSG,x2k6c4
Ligue1,PSG,x2k7pq
Ligue1,PSG,x2kfwe
Ligue1,PSG,x2kj1r
Ligue1,PSG,x2kpsw
Ligue1,PSG,x2ljoi
Ligue1,PSG,x2ll7f
Ligue1,PSG,x2lmhg
Ligue1,PSG,x2lons
Ligue1,PSG,x2lped
Ligue1,PSG,x2mi4s
Ligue1,PSG,x2mn6a
Ligue1,PSG,x2mni7
Ligue1,PSG,x2ncfc
Ligue1,PSG,x2ndky
Ligue1,PSG,x2ndnl
Ligue1,PSG,x2ocii
Ligue1,PSG,x2ofsj
Ligue1,PSG,x2olcr
Ligue1,PSG,x2ox7w
Ligue1,PSG,x2p1ra
Ligue1,PSG,x2p6h6
Ligue1,PSG,x2pdbc
Ligue1,PSG,x2pzo6
Ligue1,PSG,x2q2bf
Ligue1,PSG,x2q7s3
Ligue1,PSG,x2qivw
Ligue1,PSG,x2qx92
Ligue1,PSG,x2rofs
Ligue1,PSG,x2s0l9
Ligue1,PSG,x2s1z7
Ligue1,PSG,x2s4kj
Ligue1,PSG,x2s65j
Ligue1,PSG,x2se7e
Ligue1,PSG,x2shqz
Ligue1,PSG,x2uj6r
Ligue1,PSG,x2x3s3
Ligue1,PSG,x30544
Ligue1,PSG,x30e78
Ligue1,PSG,x30hvo
Ligue1,PSG,x30rww
Ligue1,PSG,x3104f
Ligue1,PSG,x315k7
Ligue1,PSG,x319ev
Ligue1,PSG,x31ceh
Ligue1,PSG,x31luz
Ligue1,PSG,x32w1b
Ligue1,PSG,x32xys
Ligue1,PSG,x33ns0
Ligue1,PSG,x34npn
Ligue1,PSG,x34r6e
Ligue1,PSG,x34ydd
Ligue1,PSG,x35fq4
Ligue1,PSG,x35pk9
Ligue1,PSG,x364y6
Ligue1,PSG,x367p9
Ligue1,PSG,x36i0m
Ligue1,PSG,x37zs2
Ligue1,PSG,x38c1s
Ligue1,PSG,x38uwd
Ligue1,PSG,x38zbe
Ligue1,PSG,x38zqo
Ligue1,PSG,x3aarc
Ligue1,PSG,x3aqz2
Ligue1,PSG,x3ay95
Ligue1,PSG,x3aybj
Ligue1,PSG,x3azru
Ligue1,PSG,x3azxu
Ligue1,PSG,x3casb
Ligue1,PSG,x3cd7v
Ligue1,PSG,x3czjl
Ligue1,PSG,x3d73h
Ligue1,PSG,x3dmi9
Ligue1,PSG,x3dps0
Ligue1,PSG,x3f9ye
Ligue1,PSG,x3fbwh
Ligue1,PSG,x3fft3
Ligue1,PSG,x3fxxb
Ligue1,PSG,x3huoe
Ligue1,PSG,x3k2oi
Ligue1,PSG,x3kvcs
Ligue1,PSG,x3kw97
Ligue1,PSG,x3l9wy
Ligue1,PSG,x3nj1z
Ligue1,PSG,x3p759
Ligue1,PSG,x3prz1
Ligue1,PSG,x3rhl1
Ligue1,PSG,x3u2az
Ligue1,PSG,x3uskn
Ligue1,PSG,x3wxl2
Ligue1,PSG,x3xbec
Ligue1,PSG,x3yhtn
Ligue1,PSG,x3yvao
Ligue1,PSG,x3zc3q
Ligue1,PSG,x3zm6i
Ligue1,PSG,x43o2s
Ligue1,PSG,x44ftj
Ligue1,PSG,x45rds
Ligue1,PSG,x47uzw
Ligue1,PSG,x4cdj8
Ligue1,PSG,x4chcb
Ligue1,PSG,x4cwif
Ligue1,PSG,x4e18w
Ligue1,PSG,x4kvf9
Ligue1,PSG,x4mdb0
Ligue1,PSG,x4nnq2
Ligue1,PSG,x4nz5p
Ligue1,PSG,x4o0q8
Ligue1,PSG,x4o0xy
Ligue1,PSG,x4pwio
Ligue1,PSG,x4qmxk
Ligue1,PSG,x4sxy3
Ligue1,PSG,x4thuj
Ligue1,PSG,x4u0qu
Ligue1,PSG,x4v3jc
Ligue1,PSG,x4wctr
Ligue1,PSG,x4we33
Ligue1,PSG,x4z449
Ligue1,PSG,x50h4i
Ligue1,PSG,x50zzf
Ligue1,PSG,x515tc
Ligue1,PSG,x51ate
Ligue1,PSG,x51tvv
Ligue1,PSG,x52b8r
Ligue1,PSG,x52gkz
Ligue1,PSG,x52gl4
Ligue1,PSG,x52n8j
Ligue1,PSG,x53094
Ligue1,PSG,x53t64
Ligue1,PSG,x54lsg
Ligue1,PSG,x5528x
Ligue1,PSG,x555sb
Ligue1,PSG,x557ak
Ligue1,PSG,x55cfx
Ligue1,PSG,x55mxc
Ligue1,PSG,x55zcr
Ligue1,PSG,x56xxp
Ligue1,PSG,x586bv
Ligue1,PSG,x58ikt
Ligue1,PSG,x58p6b
Ligue1,PSG,x58umt
Ligue1,PSG,x58up7
Ligue1,PSG,x5dg14
Ligue1,PSG,x5enar
Ligue1,PSG,x5gfh5
Ligue1,PSG,x5h1kv
Ligue1,PSG,x5ma7t
Ligue1,PSG,x5nc3k
Ligue1,PSG,x5ppof
Ligue1,PSG,x5q0um
Ligue1,PSG,x5q42s
Ligue1,PSG,x5qjr6
Ligue1,PSG,x5syfb
Ligue1,PSG,x5vrpw
Ligue1,PSG,x5vxqc
Ligue1,PSG,x5zpp1
Ligue1,PSG,x5zxw1
Ligue1,PSG,x6019r
Ligue1,PSG,x65lyg
Ligue1,PSG,x66toc
Ligue1,PSG,x69ez5
Ligue1,PSG,x69jwr
Ligue1,PSG,x6a45r
Ligue1,PSG,x6az3u
Ligue1,PSG,x6b5u6
Ligue1,PSG,x6b5uk
Ligue1,PSG,x6bssa
Ligue1,PSG,x6c8ma
Ligue1,PSG,x6dbqm
Ligue1,PSG,x6dvnr
Ligue1,PSG,x6dx1j
Ligue1,PSG,x6dz98
Ligue1,PSG,x6efad
Ligue1,PSG,x6hxjc
Ligue1,PSG,x6i6ln
Ligue1,PSG,x6ib9u
Ligue1,PSG,x6idw6
Ligue1,PSG,x6ihfx
Ligue1,PSG,x6iq79
Ligue1,PSG,x6jmbv
Ligue1,PSG,x6lbqk
Ligue1,PSG,x6mdye
Ligue1,PSG,x6mhyp
Ligue1,PSG,x6mu75
Ligue1,PSG,x6naun
Ligue1,PSG,x6p7fg
Ligue1,PSG,x6r20v
Ligue1,PSG,x6rt3r
Ligue1,PSG,x6uhp6
Ligue1,PSG,x6uyf6
Ligue1,PSG,x6v212
Ligue1,PSG,x6vyef
Ligue1,PSG,x6w0hc
Ligue1,PSG,x70quy
Ligue1,PSG,x72pjf
Ligue1,PSG,x73f29
Ligue1,PSG,x73nug
Ligue1,PSG,x73o4y
Ligue1,PSG,x74vmo
Ligue1,PSG,x74xn1
Ligue1,PSG,x75nht
Ligue1,PSG,x763s7
Ligue1,PSG,x76691
Ligue1,PSG,x76rf8
Ligue1,PSG,x76ri1
Ligue1,PSG,x76wcm
Ligue1,PSG,x774zq
Ligue1,PSG,x77pn8
Ligue1,PSG,x781w9
Ligue1,PSG,x79etw
Ligue1,PSG,x79gg0
Ligue1,PSG,x7agm6
Ligue1,PSG,x7b7g4
Ligue1,PSG,x7bfmf
Ligue1,PSG,x7bzc0
Ligue1,PSG,x7dl3r
Ligue1,PSG,x7dz0b
Ligue1,PSG,x7e9ys
Ligue1,PSG,x7ecen
Ligue1,PSG,x7eqih
Ligue1,PSG,x7fjjy
Ligue1,PSG,x7fuy9
Ligue1,PSG,x7h19a
Ligue1,PSG,x7hcmx
Ligue1,PSG,x7hltz
Ligue1,PSG,x7i4k7
Ligue1,PSG,x7i7ug
Ligue1,PSG,x7i985
Ligue1,PSG,x7icar
Ligue1,PSG,x7iceh
Ligue1,PSG,x7irbe
Ligue1,PSG,x7iuzt
Ligue1,PSG,x7iw7l
Ligue1,PSG,x7jbs0
Ligue1,PSG,x7li9e
Ligue1,PSG,x7lodp
Ligue1,PSG,x7lsnc
Ligue1,PSG,x7lvly
Ligue1,PSG,x7lvqv
Ligue1,PSG,x7lxfq
Ligue1,PSG,x7mdix
Ligue1,PSG,x7mnvi
Ligue1,PSG,x7mnzx
Ligue1,PSG,x7moa8
Ligue1,PSG,x7mrlq
Ligue1,PSG,x7mtbq
Ligue1,PSG,x7muhg
Ligue1,PSG,x7myqs
Ligue1,PSG,x7n4kl
Ligue1,PSG,x7n7e3
Ligue1,PSG,x7n9d0
Ligue1,PSG,x7ndkv
Ligue1,PSG,x7njr7
Ligue1,PSG,x7o07t
Ligue1,PSG,x7oiul
Ligue1,PSG,x7p3w1
Ligue1,PSG,x7pc4k
Ligue1,PSG,x7qpwh
Ligue1,PSG,x7qsta
Ligue1,PSG,x7sm8y
Ligue1,PSG,x7vt5g
Ligue1,PSG,x7wl30
Ligue1,PSG,x7x7e5
Ligue1,PSG,x7xkuy
Ligue1,PSG,x7xm5k
Ligue1,PSG,x7xsgm
Ligue1,PSG,x7xwue
Ligue1,PSG,x7y8cp
Ligue1,PSG,x7yxgi
Ligue1,PSG,x7yzqn
Ligue1,PSG,x80lww
Ligue1,PSG,x816gg
Ligue1,PSG,x81nqd
Ligue1,PSG,x841ks
Ligue1,PSG,x8536b
Ligue1,PSG,x856w6
Ligue1,PSG,x85hwa
Ligue1,PSG,x86j9y
Ligue1,PSG,x86qro
Ligue1,PSG,x88ml0
Ligue1,PSG,x88zwf
Ligue1,PSG,x89l6d
Ligue1,PSG,x89yof
Ligue1,PSG,x8ba8s
Ligue1,PSG,x8c1io
Ligue1,PSG,x8c302
Ligue1,PSG,x8ef7e
Ligue1,PSG,x8ewp7
Ligue1,PSG,x8heuh
Ligue1,PSG,x8i6cn
Ligue1,PSG,x8ia4e
Ligue1,PSG,x8iezi
Ligue1,PSG,x8iop2
Ligue1,PSG,x8jguf
Ligue1,PSG,x8mfyg
Ligue1,PSG,x8ojol
Ligue1,PSG,x8okgm
Ligue1,PSG,x8olfv
Ligue1,PSG,x8os7o
Ligue1,PSG,x8se6f
Ligue1,PSG,x8stf1
Ligue1,PSG,x8su6b
Ligue1,PSG,x8t98a
Ligue1,PSG,x8w3m5
Ligue1,PSG,x8wli4
Ligue1,PSG,x8yjnr
Ligue1,PSG,x8zs4d
Ligue1,PSG,x93fqf
Ligue1,PSG,x93jru
Ligue1,PSG,x9ax9g
Ligue1,PSG,x9b13r
Ligue1,PSG,x9b1ne
Ligue1,PSG,x9cc6t
Ligue1,PSG,x9cw0t
Ligue1,PSG,x9i5gj
Ligue1,PSG,x9n961
Ligue1,PSG,x9nm2r
Ligue1,PSG,x9ohm2
Ligue1,PSG,x9ori2
Ligue1,PSG,x9os1j
Ligue1,PSG,x9qkp3
Ligue1,PSG,x9slca
Ligue1,PSG,x9sn01
Ligue1,PSG,x9sp9b
Ligue1,PSG,x9tadh
Ligue1,PSG,x9w0oq
Ligue1,PSG,x9ywyv
Ligue1,PSG,x9yxp3
Ligue1,PSG,xa5qb7
Ligue1,PSG,xa7w30
Ligue1,PSG,xa8nnf
Ligue1,PSG,xa94pz
Ligue1,PSG,xaacsf
Ligue1,PSG,xabvee
Ligue1,PSG,xaczwp
Ligue1,PSG,xafwci
Ligue1,PSG,xaikq5
Ligue1,PSG,xaitwq
Ligue1,PSG,xan0e9
Ligue1,PSG,xap7bg
Ligue1,PSG,xaqf3z
Ligue1,PSG,xarli2
Ligue1,PSG,xarlmg
Ligue1,PSG,xas6la
Ligue1,PSG,xasizr
Ligue1,PSG,xastsw
Ligue1,PSG,xau6ch
Ligue1,PSG,xausth
Ligue1,PSG,xauwa9
Ligue1,PSG,xavfm7
Ligue1,PSG,xawfj5
Ligue1,PSG,xawscg
Ligue1,PSG,xawvgs
Ligue1,PSG,xax5ee
Ligue1,PSG,xaxzr2
Ligue1,PSG,xb05se
Ligue1,PSG,xb08b7
Ligue1,PSG,xb7td4
Ligue1,PSG,xb9viv
Ligue1,PSG,xbbqli
Ligue1,PSG,xbd886
Ligue1,PSG,xbeeze
Ligue1,PSG,xbjv7w
Ligue1,PSG,xbk4vg
Ligue1,PSG,xbk5ab
Ligue1,PSG,xbr5jh
Ligue1,PSG,xbtz4l
Ligue1,PSG,xbur67
Ligue1,PSG,xbxy83
Ligue1,PSG,xc1naf
Ligue1,PSG,xc1uw9
Ligue1,PSG,xc2ky3
Ligue1,PSG,xc4tkc
Ligue1,PSG,xc5v8w
Ligue1,PSG,xc72jo
Ligue1,PSG,xc9fji
Ligue1,PSG,xceoti
Ligue1,PSG,xcfq4n
Ligue1,PSG,xcfutj
Ligue1,PSG,xcg0z3
Ligue1,PSG,xchn5q
Ligue1,PSG,xcix8l
Ligue1,PSG,xcjlfj
Ligue1,PSG,xcjmue
Ligue1,PSG,xcjo1y
Ligue1,PSG,xcjouh
Ligue1,PSG,xcjsbl
Ligue1,PSG,xckh1q
Ligue1,PSG,xcko4q
Ligue1,PSG,xcldhm
Ligue1,PSG,xcmid0
Ligue1,PSG,xcoge2
Ligue1,PSG,xcp0b3
Ligue1,PSG,xcrjd1
Ligue1,PSG,xcusay
Ligue1,PSG,xcvdhc
Ligue1,PSG,xd0km1
Ligue1,PSG,xd0y3t
Ligue1,PSG,xd3482
Ligue1,PSG,xd3ehi
Ligue1,PSG,xd4uw3
Ligue1,PSG,xd9jbi
Ligue1,PSG,xdancx
Ligue1,PSG,xdk1ox
Ligue1,PSG,xdn6yv
Ligue1,PSG,xdo3iy
Ligue1,PSG,xdrcvb
Ligue1,PSG,xdv037
Ligue1,PSG,xdvymq
Ligue1,PSG,xe4d00
Ligue1,PSG,xe5oma
Ligue1,PSG,xe8pjs
Ligue1,PSG,xe90gm
Ligue1,PSG,xea0uk
Ligue1,PSG,xealtk
Ligue1,PSG,xeamao
Ligue1,PSG,xeb673
Ligue1,PSG,xeb6ci
Ligue1,PSG,xeb6cu
Ligue1,PSG,xebfxz
Ligue1,PSG,xebt0x
Ligue1,PSG,xecdw1
Ligue1,PSG,xecv5w
Ligue1,PSG,xed4ho
Ligue1,PSG,xed53k
Ligue1,PSG,xed5hu
Ligue1,PSG,xed62x
Ligue1,PSG,xeddg3
Ligue1,PSG,xedjv0
Ligue1,PSG,xedut2
Ligue1,PSG,xedyh8
Ligue1,PSG,xee0yd
Ligue1,PSG,xee6hj
Ligue1,PSG,xeft52
Ligue1,PSG,xeh6lm
Ligue1,PSG,xej8uh
Ligue1,PSG,xeods7
Ligue1,PSG,xeoy16
Ligue1,PSG,xeptdu
Ligue1,PSG,xes8hg
Ligue1,PSG,xevm71
Ligue1,PSG,xevn44
Ligue1,PSG,xew317
Ligue1,PSG,xew5il
Ligue1,PSG,xewht0
Ligue1,PSG,xeyvrq
Ligue1,PSG,xezytr
Ligue1,PSG,xf4nh0
Ligue1,PSG,xf6vdj
Ligue1,PSG,xf6vqx
Ligue1,PSG,xf7ivp
Ligue1,PSG,xfa92f
Ligue1,PSG,xfbamq
Ligue1,PSG,xfdr45
Ligue1,PSG,xfjkd4
Ligue1,PSG,xfk7jm
Ligue1,PSG,xflqd5
Ligue1,PSG,xfm2dc
Ligue1,PSG,xfnjm9
Ligue1,PSG,xfo021
Ligue1,PSG,xfscdd
Ligue1,PSG,xfvb9s
Ligue1,PSG,xfxfj1
Ligue1,PSG,xfxirr
Ligue1,PSG,xfyk52
Ligue1,PSG,xg08i8
Ligue1,PSG,xg2kxs
Ligue1,PSG,xg3ytr
Ligue1,PSG,xg4ezz
Ligue1,PSG,xg56lm
Ligue1,PSG,xg7o0l
Ligue1,PSG,xgc0v5
Ligue1,PSG,xgc3gv
Ligue1,PSG,xgcbfk
Ligue1,PSG,xgccqj
Ligue1,PSG,xgdj22
Ligue1,PSG,xgds6n
Ligue1,PSG,xgduq7
Ligue1,PSG,xgdyeb
Ligue1,PSG,xge6hx
Ligue1,PSG,xgecsa
Ligue1,PSG,xgemad
Ligue1,PSG,xgetkx
Ligue1,PSG,xgew9n
Ligue1,PSG,xgfgav
Ligue1,PSG,xglqqf
Ligue1,PSG,xgm3ei
Ligue1,PSG,xgm4i3
Ligue1,PSG,xgmy5c
Ligue1,PSG,xgn09u
Ligue1,PSG,xgqbjh
Ligue1,PSG,xh9o25
Ligue1,PSG,xhbfp0
Ligue1,PSG,xhd6o1
Ligue1,PSG,xhegmc
Ligue1,PSG,xhic2x
Ligue1,PSG,xhkrzp
Ligue1,PSG,xhnf3z
Ligue1,PSG,xhor73
Ligue1,PSG,xhorhl
Ligue1,PSG,xhos15
Ligue1,PSG,xhp2mj
Ligue1,PSG,xhqyev
Ligue1,PSG,xhredl
Ligue1,PSG,xhrfh2
Ligue1,PSG,xhrjno
Ligue1,PSG,xhs3xu
Ligue1,PSG,xhs6ca
Ligue1,PSG,xht0tg
Ligue1,PSG,xht3k2
Ligue1,PSG,xhy2d7
Ligue1,PSG,xhzk2g
Ligue1,PSG,xi4k9f
Ligue1,PSG,xi6bk3
Ligue1,PSG,xi967m
Ligue1,PSG,xifeku
Ligue1,PSG,xifmh5
Ligue1,PSG,xig40p
Ligue1,PSG,xigrnu
Ligue1,PSG,xii87e
Ligue1,PSG,xiis4w
Ligue1,PSG,xiiu84
Ligue1,PSG,xijjjx
Ligue1,PSG,ximkhn
Ligue1,PSG,xitogh
Ligue1,PSG,xiuinf
Ligue1,PSG,xix2lr
Ligue1,PSG,xj1ope
Ligue1,PSG,xj45to
Ligue1,PSG,xj4rwo
Ligue1,PSG,xj4wbc
Ligue1,PSG,xj7fb3
Ligue1,PSG,xj8t3l
Ligue1,PSG,xj9lua
Ligue1,PSG,xjgqlg
Ligue1,PSG,xjhrtc
Ligue1,PSG,xjq55j
Ligue1,PSG,xjualf
Ligue1,PSG,xjuz9x
Ligue1,PSG,xjx8n7
Ligue1,PSG,xjxli1
Ligue1,PSG,xk0jee
Ligue1,PSG,xk0nya
Ligue1,PSG,xk1z1o
Ligue1,PSG,xk2j4m
Ligue1,PSG,xk3kfj
Ligue1,PSG,xk4cj3
Ligue1,PSG,xk6fnb
Ligue1,PSG,xk6gul
Ligue1,PSG,xka4dg
Ligue1,PSG,xkbeo7
Ligue1,PSG,xkdmh7
Ligue1,PSG,xkh80n
Ligue1,PSG,xkjh4i
Ligue1,PSG,xku6ea
Ligue1,PSG,xkvqf5
Ligue1,PSG,xkxqe9
Ligue1,PSG,xl0zoy
Ligue1,PSG,xl1sw7
Ligue1,PSG,xl2ekz
Ligue1,PSG,xl5o2q
Ligue1,PSG,xl60p3
Ligue1,PSG,xl6ej4
Ligue1,PSG,xlgpzb
Ligue1,PSG,xliscu
Ligue1,PSG,xlivn2
Ligue1,PSG,xljqxa
Ligue1,PSG,xlq7i5
Ligue1,PSG,xlwkgt
Ligue1,PSG,xlx66b
Ligue1,PSG,xm2i2a
Ligue1,PSG,xm9l4e
Ligue1,PSG,xmfnul
Ligue1,PSG,xmfy24
Ligue1,PSG,xmfyrb
Ligue1,PSG,xmg0hc
Ligue1,PSG,xmiuxy
Ligue1,PSG,xmlopf
Ligue1,PSG,xmmzls
Ligue1,PSG,xmu7oy
Ligue1,PSG,xmwh12
Ligue1,PSG,xmy36d
Ligue1,PSG,xmzyud
Ligue1,PSG,xn51vg
Ligue1,PSG,xnfbmz
Ligue1,PSG,xng4rv
Ligue1,PSG,xnhx79
Ligue1,PSG,xnibf0
Ligue1,PSG,xnie27
Ligue1,PSG,xnq7ze
Ligue1,PSG,xnqc3d
Ligue1,PSG,xnrvi8
Ligue1,PSG,xnuvlo
Ligue1,PSG,xobv1i
Ligue1,PSG,xofm3q
Ligue1,PSG,xoinjd
Ligue1,PSG,xom38g
Ligue1,PSG,xoqbwk
Ligue1,PSG,xouzgf
Ligue1,PSG,xp0yii
Ligue1,PSG,xp9ax5
Ligue1,PSG,xpl2zx
Ligue1,PSG,xpl6ah
Ligue1,PSG,xpq5r7
Ligue1,PSG,xprzfy
Ligue1,PSG,xpt1uv
Ligue1,PSG,xpz676
Ligue1,PSG,xpz85l
Ligue1,PSG,xpzkdq
Ligue1,PSG,xq4jn3
Ligue1,PSG,xq58tb
Ligue1,PSG,xq5htu
Ligue1,PSG,xq6vzm
Ligue1,PSG,xq8dzz
Ligue1,PSG,xq8gk9
Ligue1,PSG,xqao2d
Ligue1,PSG,xqba48
Ligue1,PSG,xqf6l9
Ligue1,PSG,xqf9ze
Ligue1,PSG,xqj7mh
Ligue1,PSG,xqlawd
Ligue1,PSG,xqn5xq
Ligue1,PSG,xqn6o0
Ligue1,PSG,xqn7em
Ligue1,PSG,xqn88u
Ligue1,PSG,xqn9am
Ligue1,PSG,xqna6y
Ligue1,PSG,xqnuf0
Ligue1,PSG,xqo15k
Ligue1,PSG,xquius
Ligue1,PSG,xqypci
Ligue1,PSG,xr0v9u
Ligue1,PSG,xr1mxx
Ligue1,PSG,xr29tk
Ligue1,PSG,xr5jrh
Ligue1,PSG,xr6nbt
Ligue1,PSG,xr7gwz
Ligue1,PSG,xr8458
Ligue1,PSG,xr9y28
Ligue1,PSG,xraako
Ligue1,PSG,xrabip
Ligue1,PSG,xrapc0
Ligue1,PSG,xrcjtp
Ligue1,PSG,xrdr5k
Ligue1,PSG,xrem32
Ligue1,PSG,xrfyd7
Ligue1,PSG,xrinvt
Ligue1,PSG,xrm5vz
Ligue1,PSG,xrq1ef
Ligue1,PSG,xrs3p5
Ligue1,PSG,xrup2j
Ligue1,PSG,xs0k70
Ligue1,PSG,xs4nkh
Ligue1,PSG,xsmnl3
Ligue1,PSG,xsn3jv
Ligue1,PSG,xsolxt
Ligue1,PSG,xsxf5d
Ligue1,PSG,xsxi0r
Ligue1,PSG,xsxlx7
Ligue1,PSG,xt18up
Ligue1,PSG,xt2ede
Ligue1,PSG,xt2fof
Ligue1,PSG,xt2qm8
Ligue1,PSG,xt37ow
Ligue1,PSG,xt3ufx
Ligue1,PSG,xt3zza
Ligue1,PSG,xt423j
Ligue1,PSG,xt4czk
Ligue1,PSG,xt5o4j
Ligue1,PSG,xt5yl8
Ligue1,PSG,xt60a7
Ligue1,PSG,xt61ik
Ligue1,PSG,xt64cx
Ligue1,PSG,xt665m
Ligue1,PSG,xt6eka
Ligue1,PSG,xt7pnv
Ligue1,PSG,xtb431
Ligue1,PSG,xtbqob
Ligue1,PSG,xtd9yu
Ligue1,PSG,xth03u
Ligue1,PSG,xthg7q
Ligue1,PSG,xtk7g5
Ligue1,PSG,xtl5fn
Ligue1,PSG,xtloqc
Ligue1,PSG,xtm0v2
Ligue1,PSG,xtm7ej
Ligue1,PSG,xtt5m3
Ligue1,PSG,xu0dg0
Ligue1,PSG,xu1qlb
Ligue1,PSG,xu3ere
Ligue1,PSG,xu8eyp
Ligue1,PSG,xu98qc
Ligue1,PSG,xu9m0l
Ligue1,PSG,xuac2z
Ligue1,PSG,xub4p0
Ligue1,PSG,xubgn5
Ligue1,PSG,xuhhls
Ligue1,PSG,xuj5vj
Ligue1,PSG,xuk2a2
Ligue1,PSG,xumpik
Ligue1,PSG,xuno41
Ligue1,PSG,xup6e1
Ligue1,PSG,xupkzw
Ligue1,PSG,xuqgta
Ligue1,PSG,xuqkwl
Ligue1,PSG,xuqwct
Ligue1,PSG,xv0423
Ligue1,PSG,xv70es
Ligue1,PSG,xvd111
Ligue1,PSG,xvg0us
Ligue1,PSG,xvg2jc
Ligue1,PSG,xvg3j1
Ligue1,PSG,xvirlk
Ligue1,PSG,xvjevu
Ligue1,PSG,xvkadh
Ligue1,PSG,xvmkqf
Ligue1,PSG,xvp23p
Ligue1,PSG,xvpjvk
Ligue1,PSG,xw2avp
Ligue1,PSG,xw4dm1
Ligue1,PSG,xw5rtf
Ligue1,PSG,xw711x
Ligue1,PSG,xw9gkn
Ligue1,PSG,xw9h5j
Ligue1,PSG,xw9i7n
Ligue1,PSG,xwa6al
Ligue1,PSG,xwco5k
Ligue1,PSG,xwcotq
Ligue1,PSG,xwgoyq
Ligue1,PSG,xwhlkz
Ligue1,PSG,xwis23
Ligue1,PSG,xwja5a
Ligue1,PSG,xwjrsk
Ligue1,PSG,xwjsij
Ligue1,PSG,xwjuts
Ligue1,PSG,xwjwfm
Ligue1,PSG,xwln2w
Ligue1,PSG,xwm38z
Ligue1,PSG,xwm3em
Ligue1,PSG,xwm5u4
Ligue1,PSG,xwn0le
Ligue1,PSG,xwn46d
Ligue1,PSG,xwn55f
Ligue1,PSG,xwn87w
Ligue1,PSG,xwnb6l
Ligue1,PSG,xwnc7y
Ligue1,PSG,xwnhwo
Ligue1,PSG,xwns6k
Ligue1,PSG,xwp218
Ligue1,PSG,xwqe87
Ligue1,PSG,xwr7qr
Ligue1,PSG,xwrvhg
Ligue1,PSG,xwtgze
Ligue1,PSG,xwtvu5
Ligue1,PSG,xwu7tw
Ligue1,PSG,xwuzl9
Ligue1,PSG,xwvuqb
Ligue1,PSG,xwvw9k
Ligue1,PSG,xwxe8d
Ligue1,PSG,xwxprv
Ligue1,PSG,xwy89k
Ligue1,PSG,xwyj1g
Ligue1,PSG,xwyvgi
Ligue1,PSG,xwzmze
Ligue1,PSG,xx0atd
Ligue1,PSG,xx0avx
Ligue1,PSG,xx1294
Ligue1,PSG,xx4fv5
Ligue1,PSG,xx99ln
Ligue1,PSG,xxb47p
Ligue1,PSG,xxdh0o
Ligue1,PSG,xxdxmp
Ligue1,PSG,xxl0nu
Ligue1,PSG,xxr8gp
Ligue1,PSG,xxxprp
Ligue1,PSG,xy2vs3
Ligue1,PSG,xy4iex
Ligue1,PSG,xy5jrs
Ligue1,PSG,xybirx
Ligue1,PSG,xyewry
Ligue1,PSG,xykz88
Ligue1,PSG,xyo59g
Ligue1,PSG,xypdbd
Ligue1,PSG,xyq5jb
Ligue1,PSG,xyv8jp
Ligue1,PSG,xyzk3a
Ligue1,PSG,xyzm1x
Ligue1,PSG,xyzm5i
Ligue1,PSG,xz0jen
Ligue1,PSG,xz1pbp
Ligue1,PSG,xz3dch
Ligue1,PSG,xz3i0j
Ligue1,PSG,xz3kfj
Ligue1,PSG,xz3ovv
Ligue1,PSG,xz3zp8
Ligue1,PSG,xz427f
Ligue1,PSG,xz71cy
Ligue1,PSG,xza1td
Ligue1,PSG,xzcl36
Ligue1,PSG,xzdc51
Ligue1,PSG,xze18k
Ligue1,PSG,xzey0r
Ligue1,PSG,xzkmj2
Ligue1,PSG,xzma0v
Ligue1,PSG,xzpkde
Ligue1,PSG,xzpo0k
Ligue1,PSG,xzt979
Ligue1,PSG,xzv0rq
Ligue1,PSG,xzvjyd
Ligue1,PSG,y0000m
Ligue1,PSG,y03rac
Ligue1,PSG,y0711o
Ligue1,PSG,y0a83e
Ligue1,PSG,y0b3dg
Ligue1,PSG,y0bgsu
Ligue1,PSG,y0egfx
Ligue1,PSG,y0fsc6
Ligue1,PSG,y0g3ln
Ligue1,PSG,y0gsbv
Ligue1,PSG,y0i1dy
Ligue1,PSG,y0i22a
Ligue1,PSG,y0k7rn
Ligue1,PSG,y0llpg
Ligue1,PSG,y0phdm
Ligue1,PSG,y0pxu5
Ligue1,PSG,y0t7vg
Ligue1,PSG,y0tm0y
Ligue1,PSG,y0ypj5
Ligue1,PSG,y116jm
Ligue1,PSG,y11arw
Ligue1,PSG,y13n49
Ligue1,PSG,y13qsm
Ligue1,PSG,y17odk
Ligue1,PSG,y198pa
Ligue1,PSG,y19dio
Ligue1,PSG,y19dy3
Ligue1,PSG,y19itb
Ligue1,PSG,y19l5z
Ligue1,PSG,y19y8w
Ligue1,PSG,y1a8th
Ligue1,PSG,y1aevt
Ligue1,PSG,y1b1tv
Ligue1,PSG,y1bb5q
Ligue1,PSG,y1bdi9
Ligue1,PSG,y1bds0
Ligue1,PSG,y1bi1e
Ligue1,PSG,y1bwqb
Ligue1,PSG,y1bxtn
Ligue1,PSG,y1crp0
Ligue1,PSG,y1d08u
Ligue1,PSG,y1dktn
Ligue1,PSG,y1dn2s
Ligue1,PSG,y1egr0
Ligue1,PSG,y1ej84
Ligue1,PSG,y1epfz
Ligue1,PSG,y1f0u1
Ligue1,PSG,y1f9i6
Ligue1,PSG,y1floa
Ligue1,PSG,y1fnhn
Ligue1,PSG,y1fodw
Ligue1,PSG,y1frn9
Ligue1,PSG,y1fygx
Ligue1,PSG,y1gbw4
Ligue1,PSG,y1ggo6
Ligue1,PSG,y1gjh8
Ligue1,PSG,y1h0bf
Ligue1,PSG,y1h1w0
Ligue1,PSG,y1iaiu
Ligue1,PSG,y1iice
Ligue1,PSG,y1ildr
Ligue1,PSG,y1k1m6
Ligue1,PSG,y1kayw
Ligue1,PSG,y1kb20
Ligue1,PSG,y1kco1
Ligue1,PSG,y1kec9
Ligue1,PSG,y1kf5c
Ligue1,PSG,y1kgi3
Ligue1,PSG,y1kop4
Ligue1,PSG,y1kqi8
Ligue1,PSG,y1l3ge
Ligue1,PSG,y1l3k6
Ligue1,PSG,y1mhmm
Ligue1,PSG,y1mldr
Ligue1,PSG,y1mxq9
Ligue1,PSG,y1q7le
Ligue1,PSG,y1uih7
Ligue1,PSG,y1vn43
Ligue1,PSG,y1vo36
Ligue1,PSG,y1vrf3
Ligue1,PSG,y1vrp3
Ligue1,PSG,y1wmj4
Ligue1,PSG,y1wvyn
Ligue1,PSG,y1x50o
Ligue1,PSG,y1xjev
Ligue1,PSG,y1xt8u
Ligue1,PSG,y1xzb0
Ligue1,PSG,y1zfa1
Ligue1,PSG,y23cyh
Ligue1,PSG,y249t4
Ligue1,PSG,y24j07
Ligue1,PSG,y2503f
Ligue1,PSG,y25pe5
Ligue1,PSG,y26gwo
Ligue1,PSG,y27h7q
Ligue1,PSG,y27sj5
Ligue1,PSG,y27tl5
Ligue1,PSG,y282vd
Ligue1,PSG,y294yw
Ligue1,PSG,y2aq7s
Ligue1,PSG,y2bjuc
Ligue1,PSG,y2c72m
Ligue1,PSG,y2cmnm
Ligue1,PSG,y2dqyj
Ligue1,PSG,y2ejys
Ligue1,PSG,y2feta
Ligue1,PSG,y2fj08
Ligue1,PSG,y2gno7
Ligue1,PSG,y2ksx9
Ligue1,PSG,y2qwua
Ligue1,PSG,y2spm6
Ligue1,PSG,y2tnpz
Ligue1,PSG,y2topo
Ligue1,PSG,y2utvp
Ligue1,PSG,y2wrag
Ligue1,PSG,y30mxv
Ligue1,PSG,y31qmn
Ligue1,PSG,y3208v
Ligue1,PSG,y32qt6
Ligue1,PSG,y32ypq
Ligue1,PSG,y34ogg
Ligue1,PSG,y34oh6
Ligue1,PSG,y37c7w
Ligue1,PSG,y3dftc
Ligue1,PSG,y3evui
Ligue1,PSG,y3lo08
Ligue1,PSG,y3qh89
Ligue1,PSG,y3r9ng
Ligue1,PSG,y3uwlh
Ligue1,PSG,y3x2j3
Ligue1,PSG,y3xs1w
Ligue1,PSG,y3xuku
Ligue1,PSG,y3ypzx
Ligue1,PSG,y3yz0w
Ligue1,PSG,y40cls
Ligue1,PSG,y41zlk
Ligue1,PSG,y42nmz
Ligue1,PSG,y43e4k
Ligue1,PSG,y44pxd
Ligue1,PSG,y44yl8
Ligue1,PSG,y46xvb
Ligue1,PSG,y471wg
Ligue1,PSG,y4g2f7
Ligue1,PSG,y4in67
Ligue1,PSG,y4k0y5
Ligue1,PSG,y4mt2k
Ligue1,PSG,y4mvkq
Ligue1,PSG,y4mvpm
Ligue1,PSG,y4n6th
Ligue1,PSG,y4o99z
Ligue1,PSG,y4r917
Ligue1,PSG,y4rcho
Ligue1,PSG,y4rvi0
Ligue1,PSG,y4tddq
Ligue1,PSG,y4uqbd
Ligue1,PSG,y4vivh
Ligue1,PSG,y4yxy6
Ligue1,PSG,y512be
Ligue1,PSG,y53i4n
Ligue1,PSG,y594l4
Ligue1,PSG,y5an4r
Ligue1,PSG,y5an8f
Ligue1,PSG,y5dzkp
Ligue1,PSG,y5ke9o
Ligue1,PSG,y5kfcm
Ligue1,PSG,y5n805
Ligue1,PSG,y5oir9
Ligue1,PSG,y5p9d1
Ligue1,PSG,y5pm59
Ligue1,PSG,y5qarx
Ligue1,PSG,y5qtny
Ligue1,PSG,y5rbj9
Ligue1,PSG,y5rcfq
Ligue1,PSG,y5rh0q
Ligue1,PSG,y5riii
Ligue1,PSG,y5rmkw
Ligue1,PSG,y5rxx2
Ligue1,PSG,y5s6ye
Ligue1,PSG,y5sdvc
Ligue1,PSG,y5sf0g
Ligue1,PSG,y5tmmf
Ligue1,PSG,y5tp0e
Ligue1,PSG,y5tqf8
Ligue1,PSG,y5tyvv
Ligue1,PSG,y5u6zz
Ligue1,PSG,y5utrm
Ligue1,PSG,y5uz82
Ligue1,PSG,y5vlxm
Ligue1,PSG,y5zql1
Ligue1,PSG,y631ae
Ligue1,PSG,y67gfi
Ligue1,PSG,y67zek
Ligue1,PSG,y6870u
Ligue1,PSG,y688um
Ligue1,PSG,y6afy1
Ligue1,PSG,y6ajoe
Ligue1,PSG,y6amyt
Ligue1,PSG,y6ax9j
Ligue1,PSG,y6d6c0
Ligue1,PSG,y6fxz9
Ligue1,PSG,y6hr3a
Ligue1,PSG,y6is81
Ligue1,PSG,y6uwbz
Ligue1,PSG,y6wt0w
Ligue1,PSG,y6yh4x
Ligue1,PSG,y6yhgl
Ligue1,PSG,y6yki1
Ligue1,PSG,y75rv0
Ligue1,PSG,y79qc1
Ligue1,PSG,y7bezg
Ligue1,PSG,y7bi43
Ligue1,PSG,y7i8g9
Ligue1,PSG,y7ligj
Ligue1,PSG,y7nrjb
Ligue1,PSG,y7p81l
Ligue1,PSG,y7uhfr
Ligue1,PSG,y88m5r
Ligue1,PSG,y8bk2c
Ligue1,PSG,y8bmm2
Ligue1,PSG,y8k8yk
Ligue1,PSG,y8q054
Ligue1,PSG,y8q70h
Ligue1,PSG,y8tbmz
Ligue1,PSG,y8uwcp
Ligue1,PSG,y8v50z
Ligue1,PSG,y8wroz
Ligue1,PSG,y8wydo
Ligue1,PSG,y8xlg5
Ligue1,PSG,y93t51
Ligue1,PSG,y9421a
Ligue1,PSG,y96knr
Ligue1,PSG,y98qnv
Ligue1,PSG,y9bvrq
Ligue1,PSG,y9e6tw
Ligue1,PSG,y9lfwz
Ligue1,PSG,y9mtgm
Ligue1,PSG,y9ov0v
Ligue1,PSG,y9pnqh
Ligue1,PSG,y9rtow
Ligue1,PSG,y9uyvy
Ligue1,PSG,y9vkks
Ligue1,PSG,y9wkdw
Ligue1,PSG,y9yb6y
Ligue1,PSG,y9ynq4
Ligue1,PSG,y9zjl4
Ligue1,PSG,ya0k9m
Ligue1,PSG,ya0swi
Ligue1,PSG,ya1o32
Ligue1,PSG,ya2aw6
Ligue1,PSG,ya2b5y
Ligue1,PSG,ya42za
Ligue1,PSG,ya4320
Ligue1,PSG,ya45qk
Ligue1,PSG,ya45t4
Ligue1,PSG,ya4biq
Ligue1,PSG,ya4okc
Ligue1,PSG,ya4onn
Ligue1,PSG,ya4q7g
Ligue1,PSG,ya4sas
Ligue1,PSG,ya4sej
Ligue1,PSG,ya53m9
Ligue1,PSG,ya576g
Ligue1,PSG,ya58it
Ligue1,PSG,ya5j2v
Ligue1,PSG,ya5w0m
Ligue1,PSG,ya83kq
Ligue1,PSG,yaa21f
Ligue1,PSG,yaajmh
Ligue1,PSG,yac56x
Ligue1,PSG,yac74l
Ligue1,PSG,yafni6
Ligue1,PSG,yafr9r
Ligue1,PSG,yai52u
Ligue1,PSG,yajadg
Ligue1,PSG,yakay7
Ligue1,PSG,yb2626
Ligue1,PSG,yb6qef
Ligue1,PSG,yb8pcw
Ligue1,PSG,yb9or1
Ligue1,PSG,ybdr7
Ligue1,PSG,ybl7kf
Ligue1,PSG,ybrpld
Ligue1,PSG,ybslmz
Ligue1,PSG,ybtflk
Ligue1,PSG,yc18nk
Ligue1,PSG,yc3jj8
Ligue1,PSG,yc6nxk
Ligue1,PSG,yc7tey
Ligue1,PSG,yc9442
Ligue1,PSG,yc99ff
Ligue1,PSG,ycb5ab
Ligue1,PSG,ycclh1
Ligue1,PSG,ycd76b
Ligue1,PSG,ycloe9
Ligue1,PSG,ycp8gv
Ligue1,PSG,ycvhc7
Ligue1,PSG,ycxda4
Ligue1,PSG,yczb5n
Ligue1,PSG,yd1112
Ligue1,PSG,yd12q2
Ligue1,PSG,yd2wwa
Ligue1,PSG,yd3x5z
Ligue1,PSG,yd4b54
Ligue1,PSG,yd4nrj
Ligue1,PSG,yd4t76
Ligue1,PSG,yd5c8y
Ligue1,PSG,yd7vn7
Ligue1,PSG,yd8ypu
Ligue1,PSG,yd9da2
Ligue1,PSG,ydargo
Ligue1,PSG,ydcgdm
Ligue1,PSG,ydcj1a
Ligue1,PSG,ydcj3u
Ligue1,PSG,yddarq
Ligue1,PSG,yddlfw
Ligue1,PSG,yddlwp
Ligue1,PSG,yddm5i
Ligue1,PSG,yddmak
Ligue1,PSG,yddnuj
Ligue1,PSG,yddwpa
Ligue1,PSG,yde2n8
Ligue1,PSG,ydet4i
Ligue1,PSG,ydettm
Ligue1,PSG,ydewc9
Ligue1,PSG,ydf1ko
Ligue1,PSG,ydf8gk
Ligue1,PSG,ydf9sg
Ligue1,PSG,ydfa32
Ligue1,PSG,ydffh8
Ligue1,PSG,ydfhef
Ligue1,PSG,ydfj4o
Ligue1,PSG,ydfk3d
Ligue1,PSG,ydfl7r
Ligue1,PSG,ydfmp1
Ligue1,PSG,ydfnak
Ligue1,PSG,ydfpg0
Ligue1,PSG,ydg3sh
Ligue1,PSG,ydgk20
Ligue1,PSG,ydi1xr
Ligue1,PSG,ydj3mc
Ligue1,PSG,ydj9as
Ligue1,PSG,ydjf8j
Ligue1,PSG,ydkbvw
Ligue1,PSG,ydmbzr
Ligue1,PSG,z8yto
Ligue1,PSG,z8zeu
Ligue1,PSG,zlz4s4
Ligue1,PSG,zzfn1c
